id,moves,opening_eco,winner,evaluations
,e2e4 c7c5 g1f3 b8c6 d2d4 c5d4 f3d4 g7g6 c2c4 g8f6 b1c3 d7d6 f1e2 c6d4 d1d4 f8g7 c1g5 e8g8 d4d2 a7a5 e1g1 a5a4 f1d1 d8a5 a1c1 c8e6 f2f3 f8c8 c3b5 a5d2 d1d2 h7h6 g5e3 f6d7 b5d4 d7c5 d4e6 c5e6 h2h4 b7b5 f3f4 b5b4 h4h5 e6c5 e2f3 a8b8 h5g6 f7g6 e4e5 d6e5 f4e5 g7e5 d2d5 e5d6 e3h6 b4b3 a2a3 c5d7 f3g4 c8c7 g1f2 d7f6 g4e6 g8h7 c1h1 f6h5 h6e3 b8f8 f2e1 d6g3 e1e2 h7g7 e3d4 g7h6 h1h3 c7c4 d5h5 g6h5 e6c4 g3f4 g2g4 h6g5 g4h5 e7e5 d4e3 g5g4 c4e6 g4g5 h5h6 f4e3 e2e3 g5f6 h6h7 f8h8 e6d5 f6e7 e3e4 e7d6 h3h6 d6c5 e4e5 c5b5 d5g8 b5a5 e5f6,B36,1,35 28 37 37 34 33 35 41 46 52 47 47 43 31 34 34 35 31 30 36 37 36 14 11 16 12 -12 -8 -10 -9 -10 0 -9 -11 -10 -5 -17 -9 -31 -34 -32 -34 -63 -31 -19 -1 0 -12 -24 -30 -33 -7 -33 65 67 60 60 100 40 42 26 18 26 12 9 5 6 7 -49 76 70 229 181 288 144 425 419 432 417 466 455 454 420 497 475 572 588 599 602 625 636 809 638 678 688 699 701 737 737 769 813 819 865 968 865 
,c2c4 g8f6 g2g3 e7e6 g1f3 d7d5 f1g2 f8e7 b2b3 d5d4 c1b2 c7c5 e2e3 b8c6 e3d4 c5d4 e1g1 e8g8 f1e1 f8e8 d2d3 e7d6 b2a3 e6e5 a3d6 d8d6 b1d2 c8f5 g2f1 c6b4 d1b1 a7a5 f3g5 d6c6 a2a3 b4a6 b3b4 a6c7 f1g2 c6b6 g5e4 a5b4 b1b4 b6b4 a3b4 c7a6 e4d6 f5d3 d6e8 a8e8 b4b5 a6c5 b5b6 e5e4 a1a5 f6d7 a5b5 f7f5 g2f1 d3c2 e1a1 e4e3 f2e3 d4e3 d2f3 e3e2 f1h3 c2e4 f3e1 d7e5 b5c5 g7g5 h3g2 e4d3 g2d5 g8g7 d5b7 d3c4 b7g2 f5f4 a1a7 g7f6 g3f4 g5f4 a7h7 e5d3 c5c6 f6f5 c6c4 d3e1 g2e4 f5g5 g1f2 f4f3 c4c1 e1g2 e4f3 e2e1q c1e1 g2e1 f3c6 e1d3 f2g2 d3f4 g2f3 e8b8 b6b7 f4e6 h7d7 e6d4 d7d4,A13,1,7 24 14 34 32 36 31 38 0 8 -9 9 -35 -41 -44 -35 -53 -13 -7 -8 -11 59 -19 -26 -27 -30 -64 -65 -115 -14 -19 -18 -42 74 75 80 87 146 134 170 116 225 145 128 127 412 329 477 236 256 161 144 53 187 188 193 -82 -69 -156 -162 -176 31 28 35 38 44 -8 10 -9 343 341 390 399 593 479 494 489 496 464 520 464 528 556 520 461 569 622 None 519 572 593 601 621 704 413 421 462 499 458 484 207 242 232 335 360 362 321 335 324 601 634 
,e2e4 c7c5 g1f3 e7e6 d2d4 c5d4 f3d4 a7a6 c2c4 g8f6 b1c3 d8c7 f1e2 d7d6 e1g1 b7b6 f2f3 c8b7 c1e3 b8d7 d1d2 f8e7 a2a3 e8g8 f1c1 a8c8 a1b1 c7b8 b2b4 e7d8 a3a4 d7e5 c4c5 d6c5 b4c5 c8c5 d4e6 c5c3 d2c3 f7e6 e3b6 d8b6 b1b6 b8a7 c3e3 e5g6 c1c7 f8b8 a4a5 f6e8 e3c5 e8c7 c5c7 a7a8 e2c4 g6f8 c7e7 b8c8 c4e6 f8e6 e7e6 g8h8 e6d7 b7c6 d7e7 c6b5 e4e5 c8e8 e7d6 a8c8 g1f2 c8c2 f2g3 c2g6 d6g6 h7g6 f3f4 g6g5 g3g4 g5f4 g4f4 e8f8 f4e3 h8g8 b6b7 f8f1 e3d4 f1d1 d4c5 g8f8 e5e6 d1d2 b7f7 f8g8 f7f4 d2g2 c5d6 g2d2 d6e7 d2h2 f4f8 g8h7 f8b8 h2e2 b8b6 g7g5 e7f6 h7h6 e6e7,B41,1,33 35 35 43 42 41 41 53 39 44 42 44 50 95 104 106 64 64 66 93 63 67 62 66 48 47 40 46 40 56 52 63 15 79 72 145 101 112 52 52 -208 135 142 148 134 229 165 366 215 204 171 186 194 256 160 136 -217 477 -101 -75 -101 -107 -130 -147 -149 -161 -333 -276 -306 -294 -336 -407 -476 -103 -104 -110 -110 -54 -142 -149 -141 -142 -143 -113 -220 -226 -223 -185 -183 -162 -157 -149 -154 -158 -223 -229 -282 -256 -281 -234 -223 -269 -297 -275 -328 -360 -348 -32 -226 
,g1f3 b7b6 g2g3 c8b7 f1g2 g8f6 e1g1 h7h5 d2d4 h5h4 f3h4 b7g2 g1g2 d7d5 c2c4 d8d7 b1c3 h8h4 g3h4 d7g4 g2h1 d5c4 e2e4 g4h4 f2f3 e7e6 d1a4 b8d7 a4c6 e8c8 c3b5 f6e8 c1e3 c8b8 a2a4 f8d6 e4e5,A04,1,19 56 39 36 32 28 29 93 92 144 148 142 181 177 132 194 82 243 229 311 313 328 255 234 221 235 249 236 248 256 257 243 249 300 289 295 319 
,e2e4 c7c6 g1f3 d7d5 d2d3 g7g6 e4e5 f8g7 d3d4 g8h6 h2h3 e8g8 c1f4 f7f6 d1d2 h6f7 e5f6 e7f6 f1e2 f7d6 b1c3 d6e4 d2e3 f8e8 c3e4 e8e4 e3d2 d8e7 e1f1 b7b6 a1e1 c8a6 e2a6 b8a6 g2g3 a8e8 f1g2 e7b4 c2c3 b4b5 e1e4 d5e4 f3e1 b5d5 f4e3 d5a2 h3h4 a6c7 d2c2 c7d5 h4h5 a2c4 c2d2 d5e3 d2e3 c4d5 e1c2 a7a5 h5g6 h7g6 g2g1 g8f7 e3e2 d5b5 e2b5 c6b5 g1g2 f6f5 c2e3 b5b4 e3d5 b4c3 b2c3 e8c8 h1b1 c8c6 b1b6 c6b6 d5b6 f7e6 g2f1 g7f6 f1e2 f6d8 b6c4 a5a4 e2d2 d8e7 d2c2 g6g5 c4e3 f5f4 g3f4 g5f4 e3g2 e6f5 c3c4 f5g4 g2e1 e7h4 d4d5 h4f2 c2d1 f2c5 e1c2 g4f3 d1d2 e4e3 d2d3 a4a3,B10,-1,29 77 39 33 11 30 32 30 28 53 53 50 23 45 29 45 -27 -28 -33 8 20 20 23 18 23 52 43 78 76 48 -19 -8 -3 -4 -2 0 -2 45 45 76 -2 8 -5 49 -81 -71 -140 -142 -167 -167 -165 -134 -175 -99 -90 -63 -67 -68 -64 -72 -105 -45 -82 -44 -140 -131 -135 -149 -151 -136 -206 -176 -205 -96 -101 -77 -90 -89 -97 -97 -120 -136 -136 -146 -200 -214 -175 -146 -96 -69 -235 -250 -265 -322 -399 -351 -371 -202 -391 -354 -482 -563 -593 -619 -654 -570 -609 -567 -597 -626 
,e2e4 c7c5 g1e2 d7d6 b1c3 g8f6 e2f4 b8c6 f1c4 e7e6 d2d3 f8e7 a2a4 e8g8 e1g1 a7a6 f1e1 d8c7 h2h3 b7b6 f4h5 c6e5 c4a2 c8b7 f2f4 e5c6 f4f5 c6d4 h5f6 e7f6 c3b1 e6f5 c2c3 d4c6 e4f5 f8e8 c1f4 f6e5 f4d2 c7e7 b1a3 e7h4 d1g4 h4g4 h3g4 c6a5 g4g5 d6d5 a3c2 e5g3 e1e8 a8e8 g1f1 c5c4 d3d4 b7c8 c2b4 c8f5 b4d5 f5d3 f1g1 e8e2 d2f4 g3f2 g1h2 d3e4 d5e7 g8f8 f4d6 f8e8 a2b1 e4b7 d4d5 f2c5 d6c5 b6c5 e7c6 a5c6 d5c6 b7c6 b1h7 g7g6 h2g3 e2g2 g3f4 e8f8 a1d1 f8g7 d1d6 c6a4 d6a6 a4b3 a6a7 g2f2 f4e3 f2f5 h7g6 g7g6 a7c7 f5g5 e3f4 g5f5 f4e4 f7f6 c7c8 f5e5 e4f4 e5e1 c8g8 g6f7 g8c8 e1f1 f4e3 f1e1 e3d2 e1e5 c8c6 f7g6 c6c7 g6f5 c7c8 f5e4 c8f8 f6f5 f8f7 f5f4 f7f8 e5d5 d2e2 f4f3 e2f2 d5d2,B20,-1,22 30 21 42 38 39 -33 -22 -61 -63 -65 -41 -48 -46 -49 -46 -51 -34 -52 -52 -51 -17 -21 -16 -37 -57 -48 100 -55 -58 -185 -101 -138 -145 -179 -82 -159 -98 -148 -1 0 0 -4 -2 0 13 9 6 -5 51 -48 -16 -132 -136 -144 -81 -200 -213 -180 -198 -191 -194 -195 -190 -188 -110 -228 -210 -311 -278 -432 -152 -444 -216 -339 -341 -372 -342 -356 -330 -411 -403 -417 -410 -417 -407 -391 -365 -381 -387 -440 -357 -456 -453 -485 -494 -489 -487 -493 -454 -480 -479 -504 -464 -476 -440 -455 -427 -458 -449 -443 -439 -444 -441 -510 -511 -525 -524 -559 -540 -565 -562 -602 -601 None -519 None -584 -584 -596 -598 -591 
,d2d4 d7d5 c1f4 e7e6 e2e3 f8d6 d1g4 g8f6 g4g7 h8g8 g7h6 g8g6 h6h4 g6g4 h4h3 d6f4 e3f4 g4f4 g1e2 f4g4 b1c3 c7c5 e1c1 c5c4 f2f3 g4g8 g2g4 b8c6 h3h6 g8g6 h6e3 d8a5 e2f4 b7b5 c3d5 f6d5 f4d5 c8b7 d5f4 a5a2 f4g6 h7g6 c2c3 e8c8 f1g2 c6a5 c1c2 a2a4 c2d2 a5b3 d2e2 b5b4 e2f2 a4a2 d1d2 b4c3 e3c3 b3d2 c3d2 e6e5 d4d5 a2a4 d5d6 a4c6 h1c1 d8d6 d2c3 c6c5 f2g3 d6d4 c1e1 e5e4 f3e4 c5e5 g3h3 d4d3,D00,-1,27 26 17 15 17 22 19 41 44 55 44 55 83 86 82 82 82 82 82 77 33 102 105 116 141 141 156 150 140 175 186 239 215 209 62 31 33 30 -12 22 43 150 -176 -27 -189 -179 -166 74 46 154 195 160 205 246 -122 -63 -56 -53 -50 -45 -195 6 30 33 -39 -31 -101 -72 -78 -85 -276 -289 -639 -111 -668 -649 
,e2e4 e7e6 d2d4 d7d5 b1c3 d5e4 c3e4 b8d7 f1d3 g8f6 g1f3 c7c5 e1g1 c5d4 f3d4 a7a6 c1g5 f8e7 d4b3 e8g8 d1f3 h7h6 g5h4 d7e5 f3g3 e5d3 e4f6 e7f6 h4f6 d8f6 g3d3 f6b2 a1e1 b2a2 e1e3 a2a3 e3g3 a6a5 d3d4 g7g6 h2h4 h6h5 d4f6 g8h7 b3d4 a3c5 g3g5 e6e5 g5e5 c5c7 e5e7 c7c4 d4f3 a8a6 f6g5 c4g4 g5c5 g4f5 e7e5 f5f6 c5f8 c8g4 f3g5,C10,1,38 44 32 31 43 55 53 53 54 42 38 39 28 42 53 82 15 22 8 7 -71 6 -123 -106 -109 -103 -107 -113 -115 -115 -106 -111 -229 -232 -232 -207 -218 -63 -66 25 -167 29 0 215 2 0 0 0 -11 0 4 86 -31 -21 -47 -12 -15 465 480 762 831 None None 
,e2e4 c7c6 d2d4 d7d5 e4d5 c6d5 f1d3 b8c6 c2c3 d8c7 f2f4 g8f6 g1f3 c8g4 e1g1 e7e6 d1e1 g4f3 f1f3 f8e7 a2a4 e8g8 b1a3 a7a6 e1e2 e7d6 c1d2 c6a5 a1f1 d6a3 b2a3 a5c4 d2c1 a8c8 f3h3 c4d6 d3h7 f6h7 e2h5 f7f5 h5h7 g8f7 h3h6 c7e7 h7g6 f7g8 f1f3 f8f6 g6h7 g8f7 f3g3 c8g8 h6g6 f6g6 h7g6 f7f8 c1d2 d6e4 d2e1 e7f7 g6h7 e4g3 e1g3 g7g6 h7h6 f7g7 h6g5 f8e8 g3h4 e8d7 h2h3 g8h8 g1h2 g7h7 h4g3 h8f8 g3e1 h7h5 g5g3 g6g5 g3g5 h5g5 f4g5 f5f4 h3h4 e6e5 d4e5 d7e6 h2h3 e6e5 h3g4 e5e4 h4h5 f4f3 g2f3 f8f3 h5h6 f3f4 g4h5 e4f5 h6h7,B13,1,27 50 41 53 20 18 18 19 16 21 -21 -20 -48 -45 -55 -53 -39 -32 -37 -22 -20 5 -26 -17 -83 -32 -45 -53 -63 -62 -52 -51 -65 0 0 -11 -15 0 -5 -45 -44 -45 -80 26 19 27 -88 -90 -85 -92 -74 -52 -147 -149 -153 -146 -255 -250 -321 -123 -255 -236 -254 -196 -210 -182 -184 -160 -165 -154 -208 -151 -210 -180 -195 -199 -199 -192 -188 -84 -72 34 38 47 32 26 27 28 28 273 303 396 416 422 426 433 416 448 490 667 679 
,e2e4 g8f6 e4e5 f6d5 d2d4 d7d6 c2c4 d5b6 f2f4 d6e5 f4e5 c8f5 b1c3 e7e6 c1e3 b8c6 g1f3 d8d7 d4d5 e6d5 c4d5 c6b4 f3d4 b6d5 d4f5 d7f5 c3d5 e8c8 f1c4 b4c2 e1e2 f5g4 e2d3 g4f5 d3c3 c2e3 d5e3 f5e5 c3c2 d8d1 a1d1 f8c5 e3d5 e5f5 c2b3 c7c6 d5c3 b7b5 c4d3 f5g5 c3e4 g5d5 b3c2 c5b6 c2b1 c8c7 h1f1 f7f6 d3c2 d5h5 h2h3 h8d8 d1d8 c7d8 f1d1 d8c7 a2a3 h5e2 d1d2 e2f1 b1a2 b6e3 d2d3 e3b6 g2g4 a7a5 e4d6 b6c5 d6e8 c7b6 e8g7 f1e2 d3c3 c5d4 c2d3 e2d2 c3b3 a5a4 b3b4 d2d3 g7f5 c6c5 f5d4 c5b4 d4c2 b4b3,B03,-1,24 100 102 65 59 65 61 68 75 73 75 70 73 80 40 77 78 81 4 -3 -18 -18 -55 -64 -221 -325 -351 -351 -394 -267 -260 -263 -342 -260 -463 -462 -472 -480 -494 -500 -501 -434 -452 -421 -404 -396 -414 -385 -390 -360 -425 -403 -414 -402 -396 -375 -393 -365 -372 -355 -411 -438 -440 -429 -431 -439 -441 -427 -468 -460 -481 -487 -495 -455 -460 -453 -454 -388 -408 -395 -455 -412 -475 -451 -657 -681 -703 -704 -693 -723 -775 -790 -827 -832 None None 
,e2e4 c7c5 g1f3 e7e6 c2c4 b8c6 b1c3 g8f6 d2d3 d7d5 f1e2 d5d4 c3b1 e6e5 e1g1 f8e7 c1g5 e8g8 b1d2 a8b8 b2b3 a7a6 h2h3 f6h5 g5e7 d8e7 f3d4 h5f4 d4c6 b7c6 e2g4 f4d3 g4c8 b8c8 g2g3 c8d8 d1e2 d8d6 d2f3 f8d8 a1d1 a6a5 g1h2 g7g6 d1d2 f7f6 f1d1 e7d7 e2e3 a5a4 b3a4 g6g5 f3g1 f6f5 g1f3 f5f4 e3e2 h7h6 g3g4 g8g7 h2h1 d3c1 d2d6 c1e2 d6d7,B40,1,25 23 36 47 15 9 -4 16 -41 -42 -129 -126 -126 -126 -133 -119 -145 -117 -150 -92 -131 -88 -110 -4 -73 18 -49 -34 -15 -20 -63 21 22 10 5 4 8 -12 -15 -19 -17 97 -13 87 74 80 75 215 248 283 315 369 228 253 310 362 343 407 251 345 191 463 549 740 734 
,d2d4 g8f6 c2c4 g7g6 b1c3 f8g7 e2e4 d7d6 h2h3 e8g8 c1e3 e7e5 d4d5 c7c6 g1f3 c6d5 c4d5 b8a6 f1e2 a6c5 f3d2 a7a6 b2b4 c5d7 e1g1 g8h8 a2a4 f6g8 d2c4 d8e7 a4a5 f7f5 f2f3 g7h6 e3h6 g8h6 d1d2 h6f7 c3a4 a8b8 a4b6 d7b6 c4b6 f5f4 a1c1 f7g5 g1h2 g5f7 d2e1 e7g5 c1c7 g5h6 e1f2 f7g5 b6c8 b8c8 f1c1 c8c7 c1c7 f8f7 c7c8 f7f8 c8f8 h6f8 f2b6 f8e7 b4b5 a6b5 e2b5 g5f7 h2h1 h8g7 b6a7 e7c7 a5a6 c7c1 h1h2 c1e1 a6b7 e1g3 h2h1 g3e1 a7g1,E71,1,21 19 20 26 30 56 50 54 57 49 64 75 68 70 79 90 99 101 65 103 104 149 137 133 134 175 179 220 217 220 190 189 171 164 153 155 139 145 85 137 123 195 178 216 224 220 225 239 184 267 306 308 305 317 256 269 200 242 250 267 243 266 170 166 188 171 126 203 162 125 103 72 0 201 153 225 227 526 530 563 579 597 614 
,d2d4 g8f6 c1g5 c7c5 g5f6 g7f6 d4d5 d7d6 c2c3 e7e5 d5e6 f7e6 g2g3 b8c6 f1g2 f8g7 g1f3 e8g8 b1d2 d8e7 e1g1 d6d5 e2e4 d5d4 c3d4 c5d4 e4e5 f6e5 d2e4 c8d7 a1c1 g7h6 c1c5 b7b6 c5c6 d7c6 f3e5 c6d5 d1d4 h6g7 f2f4 a8d8 d4e3 g7e5 f4e5 f8f1 g2f1 d5e4 e3e4 e7c5 g1g2 c5d5,A45,-1,24 24 5 26 5 12 36 39 32 36 -45 20 -42 2 -52 5 -102 -30 -68 3 -4 -1 5 -3 -7 14 4 25 -39 -18 -23 -15 -6 0 -146 -142 -148 -150 -218 -218 -231 -228 -361 -353 -330 -250 -433 -423 -422 -421 -418 -416 
,d2d4 g8f6 c2c4 g7g6 g1f3 f8g7 b1c3 d7d5 g2g3 c7c6 f1g2 d5c4 f3e5 f6g4 e5g4 c8g4 c1e3 e8g8 e1g1 b8d7 d1d2 d7b6 f1e1 b6d5 e3h6 d5c3 b2c3 d8d7 e2e4 g4e6 h6g7 g8g7 a1d1 a8d8 d2f4 f7f6 f2f3 e6g8 g3g4 g6g5 f4e3 d7c7 e4e5 h7h6 h2h4 g8d5 g1f2 f6e5 d4e5 f8f4 h4g5 h6g5 e1h1 d8f8 f2g3 d5f3 d1d4 f3g2 g3g2 f4d4 e3g5 g7f7 g5h5 f7e6 c3d4 c7a5 h5h6 e6d5 h6f8 a5a2 f8f2 a2a5 h1h7 c4c3 h7e7 a5b4 e7d7 d5c4 e5e6 b4b1 f2e2 c4b3 e6e7 b7b5 e7e8q b5b4 e8e6 b3a3 d7a7,D90,1,24 22 18 35 26 27 22 37 8 20 -4 1 -55 -50 -41 -40 -68 -39 -63 1 -68 -56 -91 -58 -55 -51 -64 -19 -57 25 15 16 -19 5 -35 -23 -110 -71 -104 -78 -141 -59 -64 -34 -124 -69 -128 -60 -158 -142 -137 -131 -189 -189 -459 -356 -356 -264 -227 182 328 324 -162 -180 -187 467 455 461 478 495 512 699 460 501 519 558 627 595 636 1164 None None 753 830 803 None None None None 
,e2e4 c7c5 b1c3 b8c6 g2g3 e7e6 f1g2 g8e7 g1e2 d7d5 e4d5 e6d5 d2d4 c5c4 e1g1 g7g6 c1g5 f8g7 e2f4 c8e6 f1e1 d8d7 g5e7 c6e7 c3d5 e7d5 g2d5 e8c8 e1e6 d7d5 f4d5 f7e6 d5f4 g7d4 d1g4 d4b2 g4e6 c8b8 a1b1 c4c3 e6e5 b8a8 f4e6,B24,1,33 17 12 26 -8 -1 0 39 38 48 47 99 115 228 229 284 288 298 -78 379 395 371 373 389 400 388 413 471 242 511 540 569 564 574 560 553 550 515 553 628 642 637 665 
,e2e4 d7d5 e4d5 d8d5 b1c3 d5d6 d2d4 c7c6 g1f3 g8f6 g2g3 c8g4 f1g2 e7e6 e1g1 d6c7 h2h3 g4f3 d1f3 b8d7 c1f4 f8d6 f4d6 c7d6 a1d1 e8c8 c3e4 f6e4 f3e4 d7f6 e4e2 d8d7 c2c3 d6c7 a2a4 h7h5 b2b4 h5h4 g3g4 f6d5 g2d5 c6d5 d1c1 c8b8 a4a5 h8c8 c1c2 c7c4 e2e3 c4b3 f1c1 d7c7 g1g2 g7g6 e3f3 a7a6 f3e3 b3a3 e3f4 b8a7 f4e3 a3b3 e3f3 b3c4 f3e3 c4c6 e3f3 c6d7 c1e1 c7c4 e1c1 c8c7 f3f6 d7e7 f6e7 c7e7 g2f3 g6g5 f3e3 b7b6 a5b6 a7b6 e3d3 e7c7 c1a1 f7f6 a1a3 c4c6 c2a2 b6b7 a2e2 c7f7 f2f3 f6f5 e2e3 f5g4 f3g4 f7f1 e3e2 f1d1 d3e3 d1h1 e3d2 h1h3 e2f2 h3g3 f2f7 b7b6 f7f8 g3g4 f8b8 b6c7 b8a8 h4h3 a8h8 g4g2 d2d3 h3h2 h8h7 c7d6 h7h6 g5g4 a3a1 g2g1 a1a2 h2h1q h6h1 g1h1 a2g2 h1h3 d3d2 g4g3 d2d3 c6c8 d3d2 h3h2,B01,-1,20 68 61 65 70 79 77 87 74 71 48 50 57 58 55 63 59 56 67 59 33 50 24 23 20 170 90 89 90 96 63 55 39 73 64 100 27 23 28 48 47 44 9 30 27 36 2 38 9 81 84 91 23 40 11 9 0 26 9 21 0 0 -85 24 0 86 3 14 -32 -36 -38 5 1 20 21 2 -34 -24 -49 28 28 21 25 24 24 58 0 52 16 17 17 17 24 4 6 6 7 13 -9 -5 -84 -87 -94 -87 -262 -275 -293 -210 -298 -309 -309 -272 -334 -314 -347 -349 -353 -251 -409 -186 -379 -397 -576 -611 -646 -665 -636 -648 -678 -719 -768 -725 -767 -742 -824 -813 
,e2e4 e7e5 g1f3 b8c6 d2d4 e5d4 f3d4 g8e7 b1c3 h7h6 c1f4 g7g6 d4b5 d7d6 f4d6 c7d6 b5d6 e8d7 d6f7 d7e8 f7d8 c6d8 c3b5 d8e6 b5d6,C45,1,23 30 27 26 11 11 9 121 140 170 99 458 436 437 424 447 444 780 679 672 692 687 684 848 858 
,b2b3 d7d5 c1b2 c7c5 e2e3 b8c6 f1b5 e7e6 f2f4 g8f6 g1f3 f8e7 f3e5 d8b6 b5c6 b7c6 e1g1 c8a6 d2d3 e8g8 f1f3 c5c4 f3h3 f8d8 b1c3 a6b5 a2a4 b5a6 a4a5 b6c7 c3e2 c6c5 e2g3 d5d4 g3h5 d4e3 e5f7 g8f7 h5f6 e7f6 d1h5 f7e7 b2f6 g7f6 h3e3 c7f4 a1e1 f4d4 c2c3 d4e3 e1e3 c4d3 h5c5 d8d6 c3c4 d3d2 e3d3 a8d8 d3d2 e6e5 d2d6 d8d6 c5a7 e7e6 c4c5 d6d1 g1f2 a6d3 a7b6 e6f5 a5a6 d1a1 a6a7 d3e4 b6b8 a1a2 f2g3 a2g2 g3h3 g2a2 b8c8 f5f4 c8g4 f4e3 g4g3 e3d4 g3g8 e4f5 h3h4 a2h2 h4g3 h2h3,A01,-1,-31 9 -1 12 17 22 21 21 -30 21 8 26 19 55 67 70 51 66 52 120 62 54 53 62 27 175 33 46 32 103 -41 -53 -49 196 -85 224 -74 -111 -91 -129 -138 -5 -16 -8 -16 -18 -2 262 239 349 389 458 313 393 411 508 499 506 507 507 519 491 495 484 475 502 509 502 490 502 472 489 513 547 486 503 365 392 400 423 382 355 363 361 363 425 310 380 306 433 515 524 
,e2e4 c7c5 g1f3 e7e6 d2d4 c5d4 f3d4 g8f6 f1d3 a7a6 d1e2 d7d6 b1c3 f8e7 e1g1 b8d7 f2f4 d8c7 g2g4 h7h6 g4g5 h6g5 f4g5 f6g8 g5g6 d7e5 g6f7 e5f7 c1e3 g8f6 a2a4 f7e5 e2g2 c8d7 a4a5 e8c8 c3a4 h8h4 e3f4 d8h8 a4b6 c8b8 f4g3 h4g4 b2b4 f6h5 d4f3 h5g3 h2g3 e7f6 a1d1 d7c6 f3e5 f6e5 f1f3 d6d5 d1f1 b8a7 f3f8 e5d4 f8f2 g4g3 f1e1 c7f4 e1e2 g3g2 g1g2 h8h2 g2f1 h2f2 f1e1 f2f1,B40,-1,20 28 11 40 35 42 54 58 25 47 50 47 36 45 19 35 -75 45 21 10 34 54 46 115 -11 -18 -27 -28 -25 22 -94 -127 -145 -120 -267 -156 -268 -176 -229 -174 -157 -164 -178 -81 -188 -122 -271 -284 -292 -300 -355 -359 -373 -352 -346 -320 -692 -396 -784 -824 None -840 None None None None None None None None None None 
,g1f3 g8f6 c2c4 e7e6 g2g3 d7d5 f1g2 f8e7 e1g1 e8g8 b2b3 b7b6 c1b2 c8b7 d2d3 d5c4 b3c4 b8d7 a2a4 d7c5 a4a5 d8d7 b1d2 f8d8 a1a2 d7e8 d1a1 h7h6 f1b1 b7c6 b2c3 g8h7 g2f1 e8f8 f3d4 c6d7 d4b5 d7b5 b1b5 f6d7 f1g2 a8b8 d2f3 e7f6 f3d4 f6d4 c3d4 f7f6 a5b6 a7b6 a2a7 f8d6 d4e3 e6e5 a1a3 d6f8 a7c7,A14,1,21 23 23 17 35 29 23 44 36 36 1 21 24 24 22 38 26 41 49 48 54 136 102 225 77 76 52 124 112 124 103 209 129 355 219 219 196 205 192 265 316 328 164 247 87 140 143 169 166 145 138 122 134 144 85 315 305 
,e2e4 e7e5 g1f3 b8c6 f1c4 f8c5 d2d3 g8f6 e1g1 d7d6 h2h3 h7h6 b1c3 g7g5 f3h2 g5g4 c1e3 h8g8 g1h1 h6h5 e3c5 d6c5 g2g3 g4h3 c3d5 c8g4 d1e1 c6d4 f2f4 c7c6 d5f6 d8f6 f4e5 f6e5 c4f7 e8e7 f7g8 a8g8 e1f2 g4e6 c2c3 d4b5 f1g1 b5d6 h2f3 e5g7 f3h4 b7b6 h4f5 e6f5 e4f5 e7d7 a1e1 g8f8 g1f1 f8f5 f2h2 g7g4 h1g1 f5f1 e1f1 d6f5 h2f2 f5g3 f2f7 d7c8 f1f4 g3e2 g1f2 e2f4 f2e3 g4g3 e3e4 g3g2 e4e5 g2f2 f7f4,C50,1,31 25 29 31 21 23 21 19 14 17 12 -1 -52 -27 -2 1 -83 -18 -90 -41 -83 -83 -88 -64 -69 -51 -148 -145 -182 105 68 53 54 64 66 62 59 61 0 260 305 277 290 373 390 378 238 308 275 286 322 344 267 263 194 260 195 240 -49 0 0 0 -46 -27 1 0 -691 -727 -753 -678 -1023 -898 -893 -865 -868 606 -863 
,e2e4 e7e6 d2d4 d7d5 b1c3 g8f6 e4e5 f6d7 d1g4 a7a6 c1g5 f8e7 g5e7 d8e7 g4g7 e7f8 g7f8 d7f8 f2f4 c7c5 d4c5 b8c6 g1f3 f8d7 e1c1 d7c5 g2g3 c8d7 f1h3 a8c8 h1e1 b7b5 f4f5 b5b4 f5e6 f7e6 c3e2 b4b3 a2b3 c5b3 c1b1 b3c5 e2f4 e8e7 f4h5 c8b8 h5f6 c5a4 b2b3 a4c3 b1b2 c3d1 e1d1 b8b7 f6h5 a6a5 h5f4 a5a4 d1d3 a4b3 c2b3 c6a5 f3d4 a5c4 b2c1 c4e5 d3e3 e7d6 h3e6 d7e6 f4e6 h8c8 c1d1 e5c6 d4c6 c8c6 e6d8 b7d7 e3e6 d6c7 d8c6,C11,1,30 42 35 28 35 35 41 45 -44 120 113 197 179 186 193 192 195 237 224 300 293 344 341 347 209 196 185 211 171 215 178 191 188 365 41 353 73 119 113 94 133 135 135 118 45 64 42 119 -82 -94 -111 -124 -122 -49 -163 -167 -157 -154 -235 -186 -260 -158 -190 -188 -117 -129 -146 -54 -64 -61 -50 -54 -82 410 -95 9 8 462 450 535 531 
,d2d4 c7c5 d4c5 g8f6 b1c3 e7e6 e2e4 f8c5 e4e5 f6g8 d1g4 c5f8 g1f3 g8e7 f1d3 e7g6 h2h4 b8c6 g4g3 d8c7 c3b5 c7b8 b5d6 f8d6 e5d6 h8g8 h4h5 g6f8 c1f4 b7b5 e1c1 b8b6 h5h6 g7g6 f4g5 c8b7 g5f6 b6c5 c1b1 a8c8 h1e1 a7a5 d3e4 b5b4 f3d4 a5a4 d4c6 b7c6 e4c6 c5c6 d1d2 g6g5 f6g7 f7f6 g7f6 g8g6 f6g7 e8f7 e1e3 f7g8 g3f3 c6f3 e3f3 e6e5 d2d5 f8e6 g7e5 g5g4 f3g3 g8f7 a2a3 c8b8 a3b4 b8b4 b1a2 g6h6 g3c3 h6g6 c3c8 g6g8 c8c7 g8d8 c7a7 b4b8 e5g3 b8a8 a7c7 a8c8 c7c8 d8c8 d5d4 e6d4,A43,-1,26 62 36 31 36 37 33 145 124 198 166 154 167 238 187 188 125 139 87 369 395 363 380 383 386 424 407 400 373 411 355 378 337 376 325 349 318 366 330 417 334 479 343 461 339 343 297 309 248 280 280 303 213 269 257 290 253 265 229 253 217 191 193 201 107 137 130 225 155 140 142 225 217 227 215 223 129 190 176 205 -23 232 173 258 230 209 205 248 132 139 -564 -601 
,d2d4 e7e6 c2c4 d7d5 b1c3 c7c6 e2e3 g8f6 g1f3 b8d7 f1d3 f8d6 e1g1 e8g8 e3e4 d5c4 d3c4 e6e5 c1g5 d8e7 f1e1 h7h6 g5h4 f8d8 d1e2 d6c7 a1d1 b7b5 c4b3 b5b4 c3a4 c8a6 e2a6,D46,1,24 38 21 23 29 58 32 24 33 30 22 57 38 39 38 43 52 51 18 55 53 70 71 74 18 35 24 108 76 188 167 575 583 
,e2e4 e7e6 d2d4 d7d5 b1c3 f8b4 e4d5 e6d5 f1d3 g8f6 g1f3 e8g8 e1g1 f8e8 h2h3 b8d7 c1g5 c7c6 c3e2 b4d6 g5f4 d8c7 d1d2 f6e4 d2c1 d7f8 f1e1 f8g6 f4d6 c7d6 e2c3 f7f5 f3d2 c8d7 d2f1 g6f4 c1d1 d6g6 d1f3 e4g5 f3g3 f4h3 g2h3 g5f3 g1g2 f3e1 g2h2 g6g3 f1g3 e1d3 c2d3 f5f4 g3e2 e8f8 f2f3 a8e8 h2g2 e8e3 h3h4 e3d3 g2f2 d3d2 b2b3 d7f5 f2e1 d2c2 e1d1 b7b5 a2a3 a7a5 b3b4 a5b4 a3b4 c2b2 a1a6 f5d7 a6a7 d7e8 a7e7 b2b4 d1c2 b4c4 c2b3 b5b4 c3a4 e8g6 a4c5 f8a8 c5a4 g6c2 b3b2 c2a4 e2f4 c4d4 f4e6 d4d2 b2c1 d2d1 c1b2 a4b5 e7g7 g8h8 h4h5 b5c4 h5h6 a8a2,C15,-1,33 61 40 38 36 65 22 32 26 24 18 25 26 47 25 21 25 28 27 32 11 30 11 12 -10 -19 -21 0 6 12 -7 11 -88 -70 -195 -72 -280 -151 -273 -310 -319 -86 -536 -515 -527 -526 -536 -521 -531 -468 -476 -469 -507 -517 -531 -523 -536 -537 -557 -541 -640 -618 -626 -573 -606 -579 -632 -558 -597 -594 -616 -524 -542 -541 -541 -546 -542 -589 -613 -610 -670 -649 -666 -524 -470 -464 -508 -482 -660 -674 -715 -704 -733 -650 -733 -758 -769 -776 -789 -629 -666 -675 None -712 None None 
,g1f3 g7g6 d2d4 f8g7 c1f4 d7d6 h2h3 g8f6 e2e3 e8g8 f1c4 a7a6 a2a4 b8d7 e1g1 c7c5 c2c3 c5d4 e3d4 d8c7 b1d2 e7e5 f4h2 f6h5 a4a5 h7h6 f1e1 f8e8 d1b3 e8f8 c4d3 g8h8 d2c4 h5f4 h2f4 e5f4 b3b4 d6d5 c4d6 d7f6 f3e5 a8b8 b4b6 c7b6 a5b6 h8g8 c3c4 c8e6 c4c5 g6g5 f2f3 f6d7 b2b4 d7e5 d4e5 e6d7 d3c2 d7c6 c2b3 b8d8 a1d1 f7f6 e5e6 f8e8 b3d5 e8e7 d6f5,A04,1,18 68 35 63 7 43 5 38 13 31 14 10 14 25 16 45 35 36 34 28 11 81 101 165 50 147 119 213 222 291 249 321 317 300 261 236 246 248 220 299 257 276 257 271 260 268 248 261 248 282 135 144 161 221 232 318 317 321 359 364 384 615 625 653 574 731 656 
,d2d4 g8f6 g1f3 g7g6 b1c3 f8g7 e2e4 d7d6 f1e2 a7a6 e1g1 b7b5 a2a3 c8b7 d4d5 e7e5 d5e6 f7e6 e4e5 d6e5 d1d8 e8d8 f3e5 d8e7 c1e3 b8d7 e5d7 f6d7 e3g5 g7f6 g5f6 d7f6 e2d3 a8d8 a3a4 b5b4 c3e2 f6d5 a4a5 h8f8 g2g3 e6e5 f1e1 e7f6 d3e4 c7c6 a1a4 d8d6 e4d5 c6d5 a4b4 b7c8 e2c3 c8f5 b4b6 d6b6 c3d5 f6e6 d5b6 f5c2 e1c1 c2e4 c1e1 e4f3 e1e5 e6e5 b6d7 e5d4 d7f8 d4c4 f8h7 c4b5 h7f8 g6g5 h2h3 b5a5 f8e6 g5g4 h3g4 f3g4 e6d4 a5b4 f2f3 g4d7 g1f2 b4c4 f2e3 a6a5 g3g4 a5a4 g4g5 d7e8 f3f4 c4d5 f4f5 d5e5 g5g6 e5f6 e3f4 e8d7 d4e6 d7e6 f5e6 f6e6 f4g5 e6d5 g6g7 d5c4 g7g8q c4b4,B08,1,21 23 18 27 5 59 60 59 43 56 55 120 57 70 -51 57 72 71 58 62 54 57 52 101 23 50 27 28 8 10 2 -4 1 20 -19 -10 -35 8 1 4 -12 88 16 129 65 134 10 113 109 216 217 218 159 148 196 177 175 194 173 175 107 107 48 225 221 260 311 297 311 333 349 356 357 385 296 315 311 316 323 318 349 349 357 380 382 399 395 436 417 488 477 528 404 475 506 543 545 550 558 574 557 700 681 681 696 717 793 806 832 847 
,e2e4 c7c5 c2c3 d7d5 e4d5 g8f6 d1a4 c8d7 a4b3 d8c7 c3c4 e7e6 b1c3 f8e7 g1f3 e8g8 d2d4 c5d4 f3d4 e6d5 c4d5 b8a6 f1e2 a6c5 b3d1 c7e5 d4f3 e5h5 e1g1 f8d8 c1f4 d7g4 h2h3 g4h3 f3e5 h5f5 f4g3 h3g2 g1g2 c5e4 c3e4 f6e4 e2g4 f5g5 d1f3 e4g3 e5f7 g5d5 f2g3 d5f3 f1f3 d8d2 g2h3 d2b2 g4e6 e7f6 a1c1 b2e2 e6b3 g8f8 c1c7 e2e7 c7e7 f8e7 f3e3 e7f8 f7d6 b7b6 h3g4 a8d8 d6b5 a7a6 b5c7 d8d4 g4f5 d4b4 c7a6 b4b5 f5e6 h7h5 e3d3 f8g8 e6d7 g8h7 d7c6 b5g5 c6b6 f6e5 b3c2 h7h6 a6c5 e5g3 a2a4 g3f2 d3d6 g7g6 d6c6 h5h4 c2e4 h4h3 a4a5 g5g4 e4d5 g4d4 d5h1 d4b4 b6c7 b4b1 c7d6 b1h1 c5e4 h1a1 e4f2 h3h2 f2h3 h2h1q c6c8 a1a5 c8h8 h6g7 h8h7 g7h7 h3g5 a5g5 d6e6 h1f3 e6d6 g5g4 d6c5 g4e4 c5d5 f3d3,B22,-1,26 29 32 33 32 62 50 54 44 76 13 13 16 66 55 54 19 17 4 12 32 38 45 22 17 71 78 126 37 138 152 207 209 239 116 105 100 346 362 426 399 439 438 478 493 536 407 459 387 386 412 419 414 435 419 430 373 415 425 419 384 409 302 307 302 365 359 362 349 322 330 425 437 603 668 None 494 474 459 461 374 411 358 368 367 342 339 393 266 286 280 291 232 240 360 330 329 336 0 87 0 94 98 102 31 118 78 172 -341 -303 -300 16 -2 0 -594 -627 -803 -781 -866 -873 -944 -894 None None None None None None None None None None 
,d2d4 g8f6 c2c4 e7e6 g1f3 b7b6 g2g3 c8a6 b2b3 c7c5 f1g2 a6b7 d4d5 e6d5 f3h4 g7g6 c1b2 f8g7 c4d5 e8g8 e1g1 b6b5 b1d2 d7d6 e2e4 f8e8 f2f4 f6d5 b2g7 d5e3 d1c1 e3g2 h4g2 g8g7 c1c2 b8c6 g2e3 c6d4 c2d3 d8e7 a2a4 b7e4 d2e4 e7e4 d3e4 e8e4 e3d5 d4b3 a1a3 b5a4 d5c3 e4c4 c3a4 b3d4 a4b6 a7b6 a3a8 b6b5 a8a7 b5b4 f4f5 d4f5 g3g4 c4g4 g1h1 b4b3 a7b7 c5c4 f1d1 g4d4 d1c1 d6d5 h1g2 d4d3 b7b5 h7h5 g2f2 d3d2 f2f1 d2h2 f1g1 h2d2 g1h1 f5h4 b5b7 h4f3 b7f7 g7f7 c1c2 d2d1 h1g2 b3c2 g2f3 c2c1q f3g2 c1c3 g2f2 d1d2 f2f1 c3c1,E15,-1,26 23 26 27 26 26 33 42 27 44 45 62 51 41 49 54 52 53 52 53 59 57 50 47 25 53 -199 -195 -192 -185 -201 -69 -173 -179 -234 -241 -312 -299 -299 -317 -453 -446 -432 -428 -465 -430 -424 -418 -440 -418 -441 -461 -454 -339 -391 -332 -350 -350 -352 -400 -459 -437 -534 -538 -526 -530 -549 -537 -577 -616 -663 -609 -626 -613 -636 -599 -632 -690 -723 -711 -731 -674 -865 -744 -896 -1180 None None None None None None None None None None None None None None 
,d2d4 d7d5 g1f3 g8f6 c2c4 c7c6 b1c3 a7a6 d1d3 g7g6 c4d5 c6d5 c1g5 f8g7 e2e3 c8f5 d3d1 b8c6 g5f6 g7f6 d1b3 e8g8 c3d5 f6g7 d5c3 e7e5 d4e5 c6e5 f1e2 e5d3 e2d3 d8d3 a1d1 g7c3 b3c3 d3c3 b2c3 a8c8 e1d2 c8c5 f3d4 f8c8 d1c1 c5a5 c1a1 f5e6 h1b1 b7b5 a2a3 e6d5 f2f3 a5a4 b1b4 a4b4 a3b4 d5b7 e3e4 g8f8 g2g4 f8e7 h2h4 e7d6 d2d3 f7f6 f3f4 c8e8 a1e1 b7d5 g4g5 d5c4 d3d2 f6g5 h4g5 e8f8 d2e3 d6c7 e1h1 f8f7 f4f5 g6f5 e4f5 c7d6 e3f4 c4d5 h1h6 d6c7 f4e5 d5b7 d4e6 c7b8 e6c5 b7c8 h6f6 f7e7 e5f4 b8a7 f6c6 a7b8 f5f6 e7e1 c5a6 b8b7 c6c7 b7a6 c7c8 e1f1 f4e5 f1g1 e5e6 g1e1 e6f7 e1g1 c8c6 a6b7 c6c5 b7b6 f7g7 h7h5 f6f7 h5h4 f7f8q h4h3 f8d6 b6b7 c5c7 b7b8 d6d8,D15,1,22 23 20 19 19 31 22 43 10 9 -9 12 -16 8 -8 33 18 12 -14 -9 -23 -29 -34 19 -24 -28 -32 13 -47 -7 12 52 58 48 0 0 0 0 0 15 11 17 20 18 28 67 60 97 105 90 54 162 177 312 304 300 290 304 298 286 297 298 287 317 252 223 265 253 248 290 288 292 301 349 356 358 345 371 357 371 308 380 411 525 504 519 508 535 528 523 508 515 468 473 407 485 499 475 519 550 590 584 594 591 597 594 590 632 643 659 680 680 687 700 716 743 767 862 902 None None None None None None None None 
,e2e4 c7c5 g1f3 d7d6 d2d4 c5d4 f3d4 g8f6 b1c3 a7a6 d4b3 e7e5 c1g5 f8e7 g5f6 e7f6 d1d3 f6g5 a1d1 c8e6 d3d6 d8d6 d1d6 b8c6 d6d1 c6b4 f1d3 a8c8 e1g1 e8g8 b3c1 g5c1 d1c1 e6a2 c3a2 b4a2 c1d1 a2b4 c2c3 b4c6 d3e2 c8d8 d1d8 f8d8 f1d1 d8d1 e2d1 g8f8 g1f1 f7f6 f1e2 f8e7 e2d3 e7d6 b2b4 a6a5 b4a5 c6a5 d1a4 d6c5 g2g3 a5c4 a4b3 c4d6 f2f4 b7b5 h2h4 h7h6 b3e6 b5b4 c3b4 c5b4 e6d5 b4c5 d5e6 d6b5 e6f7 b5d6 f7e6 c5c6 e6d5 c6d7 d3e3 d7e7 e3f3 h6h5 f4e5 f6e5 g3g4 h5g4 f3g4 e7f6 d5c6 d6c8 c6d5 c8e7 d5b7 e7g6 b7d5 g6f4 d5c6 f4d3 c6d5 d3f2 g4g3 f2d3 g3g4 d3c5 d5c6 c5a6 c6d5 a6b4 d5b7 b4a2 b7d5 a2c3 d5b7 f6g6 b7c6 c3b1 c6e8 g6f6 e8c6 b1c3 c6b7 c3d1 b7c6 d1e3 g4f3 e3c4 f3g4 c4b6 c6b7 b6d7 b7d5 g7g6 d5c6 d7c5 c6d5 c5d3 h4h5 g6h5 g4h5 d3f4 h5g4 f4e2 d5c6 e2d4,B90,-1,31 25 38 45 33 35 33 32 39 46 27 42 29 26 33 46 42 39 38 52 40 41 42 74 34 17 28 39 -19 -12 -5 12 5 11 13 10 10 7 2 29 28 28 11 15 -8 -8 -5 -6 -3 -4 -2 -3 -3 -4 -4 0 -9 -6 -3 -6 -3 -5 -8 -10 -13 -27 -27 -29 -31 -18 -20 -16 -16 -13 -12 -12 -13 -13 -13 -12 -14 -10 -17 0 -3 0 0 -1 0 0 -2 0 0 0 0 -1 -1 -1 -1 -1 -2 -2 0 -1 -3 -3 -2 0 0 -2 -1 -2 -2 -1 0 -1 -1 -1 0 -2 -1 -1 -1 -1 -1 -1 -2 0 0 0 0 0 0 0 -1 0 0 0 0 0 -22 -22 -22 -15 -15 -4 -10 0 
,e2e4 e7e6 d2d4 d7d5 b1d2 f8e7 g1f3 g8f6 e4e5 f6d7 f1d3 c7c5 c2c3 b8c6 e1g1 a7a5 a2a4 c5d4 c3d4 c6b4 d3b1 b7b6 f1e1 c8a6 d2b3 g7g5 h2h3 h7h5 f3h2 a8c8 c1d2 b4d3 d2g5 d3b2 g5e7 d8e7 d1d2 b2c4 d2f4 e7b4 b1a2 h8g8 h2f3 b4e7 a1c1 d7f8 b3d2 f8g6 f4h6 e8d7 d2c4 a6c4 a2c4 c8c4 c1c4 d5c4 h6e3 e7b4 e1d1 b4b3 e3b3 c4b3 g2g3 g8c8 d1b1 c8c3 f3d2 c3d3 d2b3 h5h4 g1g2 d7e7 b1b2 e7d8 b3c1 d3d4 b2b6 h4g3 f2g3 d4a4 b6d6 d8e7 d6d2 g6e5 h3h4 e7f8 c1e2 a4e4 e2f4 a5a4 d2a2 f8g7 f4h5 g7h6 h5f4 e4b4 g2h3 e5g6 f4g2 f7f5 h3h2 e6e5 g2e3 f5f4 e3f5 h6h5 f5g7 h5g4 g3f4 g6f4 a2g2 f4g2 h2g2 b4b2,C03,-1,32 41 41 29 19 47 43 52 47 43 48 39 35 40 49 69 23 44 51 80 48 45 49 53 9 20 -16 0 -34 -1 -29 63 -188 -76 -104 -104 -113 -33 -156 -166 -185 -59 -103 107 34 50 43 40 -141 121 102 111 127 134 135 128 131 116 -96 0 -33 -35 -217 -105 -96 -99 -98 -78 -80 -64 -51 -53 -42 -24 -45 -42 -46 15 -31 -23 -115 -120 -176 -169 -179 -126 -140 -73 -98 -87 -218 -187 -240 -258 -267 -178 -184 -35 -187 -153 -183 -125 -88 -26 -32 -51 -277 -277 -272 -295 -704 -750 None None 
,d2d4 d7d5 c2c4 c7c6 g1f3 a7a6 b1c3 c8f5 c4d5 c6d5 d1b3 e7e6 c1f4 b8d7 b3b7 g8f6 e2e3 f8e7 f1a6 d8a5 b7a8,D11,1,19 23 25 36 27 46 42 197 193 215 211 220 49 222 222 259 257 267 311 647 617 
,e2e4 e7e5 g1f3 b8c6 f1b5 a7a6 b5a4 g8f6 e1g1 f8e7 f1e1 b7b5 a4b3 d7d6 c2c3 e8g8 h2h3 c6a5 b3c2 c7c5 d2d4 d8c7 b1d2 c8d7 d4d5 c5c4 d2f1 f8e8 g2g4 h7h5 g4g5 f6h7 h3h4 g7g6 f1g3 f7f6 g5f6 e7f6 f3g5 c7d8 g5h7 g8h7 g3h5 g6h5 d1h5 h7g7 g1h1 e8h8 e1g1 g7f8 c1h6 f8e7 g1g6 d7e8 h5f5 e7f7 g6g7,C97,1,23 36 42 38 41 36 34 35 35 35 42 38 36 45 47 48 43 67 67 65 73 65 46 48 28 26 28 63 70 123 133 130 64 82 -37 25 40 29 -106 6 61 23 8 231 219 528 -64 -74 -67 -75 -65 -71 -78 609 621 None None 
,d2d4 d7d5 c2c4 e7e6 c4d5 e6d5 b1c3 c7c5 e2e4 d5e4 f1c4 c5d4 c3e4 g8f6 e4f6 d8f6 d1b3 b8c6 g1f3 f8b4 e1d1 e8g8 c1g5 f6g6 c4d3 c8f5 d3f5 g6f5 g5d2 b4d2 d1d2 f5f4 d2e2 f8e8 e2f1 a8d8 g2g3 f4f6 f1g2 d4d3 a1d1 f6f3 g2f3 c6d4 f3g2 d4b3 a2b3 e8e2 h1e1 e2e1 d1e1 f7f5 g2f3 g8f7 e1d1 f7e6 f3e3 e6e5 d1d3 d8d3 e3d3 f5f4 f2f3 f4g3 h2g3 h7h5 d3e3 g7g5 e3e2 h5h4 f3f4 e5f5 f4g5 h4g3 e2f3 f5g5 f3g3 g5f5 g3f3 f5e5 f3e3 e5d5 e3d3 d5c5 d3c3 a7a5 c3d3 c5b4 d3c2 b7b6 c2c1 b4b3 c1b1 b6b5 b1a1 b5b4 a1b1 b3c4 b1c2 a5a4 c2c1 c4d3 c1d1 d3e3 d1c2 e3e2 c2c1 e2d3 c1d1 d3e3 d1c2 e3e2 c2c1 e2e1 c1c2 e1e2,D32,0,27 26 27 26 26 25 23 43 -5 -6 -77 -93 -111 -96 -86 -81 -131 -134 -207 -235 -310 -327 -311 -344 -362 -377 -381 -374 -394 -426 -422 -308 -305 -285 -285 -183 -210 -174 -165 -171 -308 -326 -347 -347 -348 -353 -349 -347 -355 -247 -229 -166 -179 -154 -158 -129 -143 -83 -129 -136 -141 -133 -273 -276 -291 -353 -411 -436 -451 -438 -487 -487 -495 -507 -507 -497 -507 -569 -558 -558 -554 -553 -533 -26 -16 -13 -583 -550 -565 -564 -764 -813 -821 -1041 -1089 -559 -563 -37 -36 -14 -562 -33 -25 -25 -24 -24 -22 -20 -18 -19 -21 -21 -21 -19 -19 0 
,d2d4 g8f6 c2c4 e7e5 d4e5 f6g4 c1f4 b8c6 g1f3 f8c5 e2e3 d7d6 h2h3 g4e5 f3e5 c6e5 b1c3 e5g6 f4g3 e8g8 a2a3 a7a5 f1e2 f8e8 e1g1 c8e6 a1b1 c7c6 b2b4 a5b4 a3b4 c5b6 g3d6 e6f5 b1c1 d8g5 d6g3 b6e3 f2e3 g5g3 f1f5 g6h4 f5f2 e8e3 d1d2 a8e8 c3d1 e3e2 f2e2 h4f3 g1f1 f3d2,A52,-1,24 28 25 80 77 72 39 53 45 99 103 221 36 26 -23 37 40 63 43 51 39 34 23 65 61 68 56 122 144 120 116 107 84 79 78 90 -56 133 180 232 234 257 260 294 259 259 -256 -253 None None None None 
,d2d4 e7e5 d4e5 b8c6 g1f3 f7f6 e2e4 f6e5 f1c4 d8f6 e1g1 h7h6 b1c3 f8d6 c3d5 f6f8 f3h4 g8e7 d1h5 e8d8 f2f4 e7d5 e4d5 c6e7 f4e5 d6c5 g1h1 f8e8 f1f7 g7g6 h5f3 e7f5 d5d6 c5d6 h4g6 d6e5 f3f5 d7d6 c1g5,A40,1,23 131 132 106 142 138 173 164 168 231 177 182 168 249 239 395 443 442 285 249 258 371 390 423 400 381 390 398 280 428 474 604 606 718 699 932 989 None None 
,e2e4 c7c5 g1f3 b8c6 f1b5 c6a5 e1g1 a7a6 b5e2 e7e6 c2c3 d7d5 e4d5 e6d5 d2d4 c5c4 f1e1 f8e7 f3e5 g8f6 b1d2 e8g8 h2h3 c8f5 d2f3 a5c6 c1f4 f6e4 f3h2 c6e5 f4e5 e7d6 e5d6 d8d6 e2g4 f5g6 h2f1 f8e8 f1e3 b7b5 g4f5 a6a5 d1c2 b5b4 e1e2 b4c3 b2c3 a8b8 a1e1 e4f6 c2a4 g6f5 e3f5 e8e2 f5d6 e2e1 g1h2 e1e2 a4a5 e2f2 a5c7 b8f8 a2a4 f6e4 a4a5 e4d6 c7d6 h7h6 d6d5 f2a2 d5c4 a2a5 c4b4 a5a2 c3c4 f8e8 c4c5 e8e2 b4b7 a2b2 b7f3 e2f2 f3e4 b2e2 e4d5 e2c2 c5c6 c2c3 d5e4 f2c2 d4d5 g7g6 d5d6 c2d2 d6d7 c3c2 c6c7 c2c7 e4e8 g8g7 e8e5 g7h7 e5c7 g6g5,B30,1,27 28 32 42 22 85 90 91 90 83 37 38 33 35 51 68 56 57 54 56 47 51 25 62 0 13 20 33 -34 -28 -22 -8 -16 -14 -34 -27 -50 -26 -29 -30 -51 -28 -36 76 -111 -28 -127 16 -6 -23 -229 -66 -63 -64 -81 -58 -54 -16 -1 0 0 0 0 42 41 37 36 65 55 53 61 93 28 84 60 55 45 48 6 89 35 57 6 54 43 38 -7 123 66 248 282 351 173 661 530 618 619 633 671 686 721 726 721 748 
,e2e4 e7e5 g1f3 b8c6 b1c3 g8f6 d2d4 e5d4 f3d4 f8b4 d4c6 b7c6 f1d3 d7d5 e4d5 d8e7 d1e2 e7e2 e1e2 f6d5 c3e4 e8g8 c1d2 f7f5 d2b4 f5e4 d3c4 f8e8 h1e1 g8h8 b4c5 c8f5 c4b3 a7a5 b3a4 e8e6 e2f1 d5f4 c5e3 f4d5 a1d1 a8f8 e3c5 f8e8 d1d2 h7h6 a4b3 e4e3 c5e3 d5e3 f2e3 e6e3 e1e3 e8e3 d2d8 h8h7 f1f2 e3e5 c2c3 e5b5 d8d4 f5g6 f2e3 b5g5 g2g4 c6c5 d4f4 g5e5 e3f2 g6d3 b3d1 c5c4 b2b3 c4b3 a2b3 e5c5 c3c4 d3g6 h2h4 g6d3 f4d4 d3b1 h4h5 h7g8 f2e3 c5e5 e3d2 c7c5 d4d7 e5g5 d7a7 b1e4 a7a5 g8h7 b3b4 c5b4 a5g5 h6g5 d1c2 e4c2 d2c2 g7g6 h5g6 h7g6 c2b3 g6f6 b3b4 f6e6 b4b5,C47,1,24 33 38 38 20 18 5 20 -6 8 9 15 17 12 10 24 21 23 17 30 7 7 -9 53 53 38 42 89 98 130 139 169 148 125 100 111 96 134 145 144 141 189 183 170 175 150 147 165 127 134 113 139 142 147 147 155 113 122 104 131 25 93 93 114 74 162 35 45 42 44 35 26 16 20 15 56 34 45 52 148 80 97 68 72 72 92 71 104 105 158 152 185 185 310 336 515 508 514 527 544 544 562 437 439 474 486 483 515 533 
,g1f3 c7c5 d2d4 c5d4 c2c3 d4c3 b1c3 g7g6 e2e4 f8g7 f1c4 d7d6 e4e5 b8c6 e5d6 c8g4 c4f7 e8f8 f7b3 d8d6 d1d6 e7d6 c1e3 g4f3 g2f3 g8e7 a1d1 e7f5 b3e6 f5d4 e6d5 c6b4 d5e4 b4c2 e4c2 d4c2 e1e2 c2e3 f2e3 g7c3 b2c3 f8e7 d1d4 a8c8 c3c4 c8c5 h1d1 h8d8 e3e4 c5h5 c4c5 h5c5 d1d2 b7b6 h2h4 c5h5 e2e3 h5h4 d4a4 d8d7 d2d3 g6g5 d3a3 a7a5 a3b3 g5g4 b3b6 h4h3 a4a5 h3f3 e3d4 f3f6 a5h5 h7h6 a2a4 f6g6 a4a5 g4g3 h5h1 g3g2 h1g1 h6h5 a5a6 h5h4 b6b7 h4h3 b7d7 e7d7 d4e3 h3h2,A04,-1,23 19 -17 -12 -30 -24 -21 15 15 12 2 98 -8 30 6 147 165 209 95 95 94 102 70 75 76 85 40 33 -52 70 63 69 63 112 5 6 13 8 7 1 2 3 4 4 -9 -8 -5 13 0 0 -42 -60 -42 -33 -192 -164 -202 -195 -214 -203 -221 -129 -169 -66 -44 -30 -27 -23 -77 -114 -126 -14 -60 -70 -58 -43 -80 -72 -151 -13 -8 -2 -177 -194 -210 -393 -482 -589 -744 -714 
,d2d4 g8f6 c2c4 e7e6 b1c3 f8b4 e2e3 b7b6 g1e2 c7c5 a2a3 b4a5 e2g3 a5c3 b2c3 b8c6 f1d3 c8a6 e1g1 c6a5 d1a4 e8g8 e3e4 d7d6 c1g5 d8e8 a4e8 f8e8 e4e5 d6e5 d4e5 f6d7 f1e1 a6c4 a1d1 c4d3 d1d3 d7f8 g3e4 a5c4 e4d6 c4d6 d3d6 f8d7 d6d7 h7h6 g5h4 g7g5 h4g3 e8d8 e1d1 d8d7 d1d7 b6b5 h2h4 a7a5 h4g5 h6g5 d7c7 b5b4 c3b4 c5b4 a3b4 a5b4 c7b7 a8a4 g1h2 g8g7 h2h3 g7g6 f2f3 g6g7 g3e1 g7g6 e1b4 g6f5 b7f7 f5e5 b4c3 e5d5 f7g7 e6e5 g7g5,E44,1,22 22 24 20 18 17 14 25 31 64 60 59 15 36 43 55 32 102 50 72 -104 -93 -101 -29 -70 28 13 4 -159 -142 -147 -128 -171 -143 -179 -168 -153 -154 -174 -137 -158 -189 -178 410 445 458 360 356 366 378 369 379 373 368 337 351 334 343 345 355 361 352 349 355 325 392 394 394 393 390 404 416 415 442 438 491 488 486 474 499 484 536 564 
,d2d4 d7d5 c1f4 c7c5 c2c3 b8c6 e2e3 g8f6 b1d2 e7e6 f1d3 f8d6 f4g5 h7h6 g5h4 b7b6 f2f4 c8b7 d1f3 c6e7 h4f6 g7f6 g1e2 d8c7 a2a4 e8c8 a4a5 c8b8 a5b6 a7b6 d3a6 b7c6 e1g1 e6e5 b2b4 d8g8 b4c5 d6c5 d4c5 d5d4 e3e4 d4c3 d2c4 b6b5 f1b1 c6d7 a6b5 c7c5 f3e3 c5e3 c4e3,D00,1,23 30 19 23 2 2 -3 9 9 23 8 0 -37 -45 -43 23 1 54 -43 20 -13 -16 -30 -16 -52 -46 -45 -3 -1 38 77 96 79 88 53 419 407 423 434 451 436 549 435 541 464 618 599 628 624 647 615 
,d2d4 g8f6 c2c4 e7e6 g1f3 f8b4 c1d2 d8e7 g2g3 b4d2 b1d2 d7d6 f1g2 e6e5 e1g1 e8g8 e2e3 b8c6 a2a3 a7a5 f1e1 c8g4 h2h3 g4h5 d1c2 h5g6 c2b3 f8b8 b3c3 a5a4 f3h4 a8a6 h4g6 h7g6 d2f3 b8e8 h3h4 f6e4 c3c2 e4f6 g2f1 a6a8 b2b4 a4b3 c2b3 c6a5 b3c2 e5e4 f3d2 c7c5 f1h3 a5c6 c2c3 f6h7 h3g2 f7f5 g2h3 e7f6 d2b3 g6g5 h4g5 h7g5 h3g2 g5f3 g2f3 e4f3 c3c2 g7g5 d4c5 g5g4 c2d3 d6c5 d3d5 g8g7 e3e4 a8d8 d5f5 f6f5 e4f5 b7b6 e1e8 d8e8 b3d2 e8e2 d2f1 c6d4 f1e3 e2b2 e3g4 d4f5 g4e5 f5d4 a3a4 g7f6 e5g4 f6g5 g4e3 d4c2 e3c2 b2c2 g1f1 c2c4 f1e1 c4e4 e1f1 g5g4 a4a5 b6a5 a1a2 a5a4,E11,-1,29 28 25 27 27 41 29 31 41 37 18 19 21 22 25 18 10 20 15 25 12 29 30 34 32 48 52 41 18 43 44 105 47 44 41 43 26 46 45 48 39 41 29 30 32 46 27 45 -1 11 -18 9 -67 -52 -41 -39 -190 -191 -203 -208 -212 -199 -208 -59 -55 -58 -167 -214 -223 -154 -186 -135 -233 -188 -233 -183 -172 -290 -308 -182 -196 -218 -234 -160 -182 -163 -179 20 18 9 -6 -16 -5 -6 -39 -37 -90 -15 -2 -3 -197 -221 -242 -247 -253 -264 -304 -313 -419 -405 
,d2d4 d7d5 c2c4 c7c6 g1f3 g8f6 b1c3 a7a6 g2g3 c8f5 f1g2 e7e6 f3h4 f5g4 h2h3 g4h5 g3g4 f6d7 g4h5 d8h4 h5h6 g7g6 d1d2 d5c4 e2e4 d7f6 e1g1 b8d7 d4d5 c6d5 e4d5 e6e5 d5d6 f6g8 g2b7 a8a7 b7g2 f8h6 d2e2 g8f6 c1e3 h6e3 e2e3 h4d4 e3h6 d4d6 a1d1 d6f8 h6g5 f8e7 g5h6 e7f8 h6e3 f8c5 e3h6 c5f8 h6e3 f8c5 e3h6 c5f8,D15,0,19 25 23 28 30 35 30 39 32 44 39 38 46 94 90 83 93 204 203 206 -4 118 -10 -9 -65 -44 -40 -36 -70 28 49 150 103 187 103 209 300 274 277 306 40 53 49 59 7 10 0 0 -73 0 0 0 0 0 0 0 0 0 0 0 
,d2d4 g8f6 c2c4 c7c5 d4d5 e7e6 b1c3 e6d5 c4d5 d7d6 e2e4 f8e7 g1e2 e8g8 e2g3 f8e8 f1e2 b8a6 e1g1 c8d7 e2a6 b7a6 b2b3 e7f8 c1b2 a6a5 a1c1 a8b8 b2a1 a5a4 b3a4 d8a5 f1e1 b8b4 a2a3 b4d4 d1f3 f6g4 g3h5 g4e5 f3g3 e5g6 c3b5 d4d5 a1c3 a5a4 e4d5 e8e1 c1e1 a4b5 h2h4 b5b3 g3d3 d7b5 d3d2 b3a3 g2g3 a3b3 c3a1 a7a6 g1h2 b3f3 d2g5 f3f2,A65,-1,18 20 20 45 72 86 86 103 101 70 88 121 33 104 127 133 135 117 110 120 116 123 85 106 24 57 20 23 -18 -16 -44 108 90 92 67 88 29 28 -47 -15 -4 61 -262 102 96 105 99 104 105 132 106 94 121 203 10 49 -38 -33 -69 -38 -207 -203 -815 -906 
,e2e4 d7d5 e4d5 d8d5 g1f3 g8f6 d2d4 c8g4 f1e2 c7c6 e1g1 e7e6 c2c4 d5d8 b1c3 f8d6 h2h3 g4h5 c1g5 b8d7 f1e1 e8g8 f3e5 h5e2 d1e2 h7h6 e5d7 d8d7 g5f6 g7f6 a1d1 g8h7 d4d5 c6d5 c4d5 e6e5 c3e4 d6e7 e2f3 h7g7 d5d6 e7d8 e4g3 f8g8 g3f5 g7h7 f3e4 g8g6 f5h4 a8c8 h4g6 f7g6 e4d5 c8c2 d1d2 c2c6 f2f4 d8b6 g1h1,B01,1,24 62 65 74 38 65 64 34 33 83 88 89 86 90 91 91 86 114 106 122 67 84 102 117 115 127 144 134 139 154 63 201 181 253 243 409 364 349 328 344 349 357 319 317 283 293 307 367 374 394 407 389 351 372 375 377 267 295 298 
,e2e4 e7e5 g1f3 b8c6 f1b5 a7a6 b5a4 g8f6 d2d3 b7b5 a4b3 f8e7 e1g1 e8g8 b1c3 d7d6 h2h3 c8b7 f1e1 h7h6 a2a3 f8e8 b3a2 e7f8 f3h4 c6d4 h4f5 d4f5 e4f5 d6d5 c3e2 c7c5 e2g3 c5c4 c1d2 f8c5 d1e2 e5e4 d3e4 f6e4 g3e4 e8e4 e2f3 d8f6 d2c3 c5d4 c3d4 f6d4 c2c3 d4e5 e1e4 d5e4 f3e3 e5f5 a1d1 a8e8 a2b1 f5e6 e3a7 e6c6 a7e3 f7f5 g2g3 g8h8 h3h4 c6c7 d1d4 e8d8 h4h5 d8d5 b1e4 f5e4 d4e4 d5d1 g1h2 b7e4 e3e4 d1d8,C77,-1,26 36 32 32 33 33 34 33 25 35 25 32 37 31 6 0 -21 32 -21 33 39 42 22 22 7 22 -178 -193 -192 -197 -204 -196 -222 -211 -212 -205 -224 -209 -244 -235 -241 -247 -256 -277 -249 -208 -220 -240 -243 -127 -157 -157 -201 -69 -68 -69 -76 -63 -87 -98 -85 -82 -90 -62 -55 -53 -60 -19 -67 -50 -437 -461 -560 -554 -556 -555 -556 -548 
,g1f3 d7d5 e2e4 d5e4 f3g5 c8f5 b1c3 g8f6 f1c4 e7e6 d2d3 e4d3 d1f3 b8c6 g5f7 e8f7 f3f5 c6d4 f5d3 f8c5 c1e3 d8d7 e1g1 h8d8 a1d1 d7e7 e3d4 d8d4 d3e2 a8d8 d1e1 d4d6 e2f3 c7c6 c3e4 d6d4 e4g5 f7g8 c4e6 g8f8 g5h7 f8e8 e6f7 e8f7 e1e7 f7e7,A06,1,22 22 -87 -83 -83 -83 -76 -81 -143 -151 -186 -201 -236 -233 -348 71 65 178 206 310 316 362 247 245 101 185 87 93 75 132 134 159 174 407 417 552 475 558 492 687 643 675 533 525 495 494 
,d2d4 g8f6 g1f3 c7c5 d4d5 d7d6 b1c3 g7g6 e2e4 f8g7 f1d3 e8g8 h2h3 b8a6 e1g1 a6c7 f1e1 a8b8 a2a4 b7b6 c1g5 c8d7 d3f1 a7a6 e4e5 d6e5 f3e5 h7h6 g5f4 b6b5 e5c6 d7c6 d5c6 d8c8 e1e7 f6e8 d1d7 b5b4 c3e4 g7b2 a1b1 e8f6 f4c7 f6d7 e7d7 b2g7 e4d6 c8d7 c6d7 b8a8 b1e1 g7f6 e1e8 f6d8 c7d8 a8d8 e8e7 g8g7 d6b7 g7f6 b7d8 f6e7 d8c6 e7d7 c6a5 d7d6 f1a6 d6e5 a5c4 e5d4 a6b5 f8a8 c4e3 d4c3 g1f1 a8d8 f1e2 d8d2 e2f3 d2d4 a4a5 b4b3 c2b3 d4b4 b5c4 b4b7 e3d5 c3d4 a5a6 b7a7 d5b6 f7f5 b6c8 a7c7 a6a7 c7c8 c4b5 d4d5 b5c6 d5c6 a7a8q c8a8 f3f4 a8b8 f4e5 b8f8 e5e6 f5f4 e6e5 f4f3 e5e4 f3g2,A43,-1,27 24 20 62 67 67 63 79 79 72 46 49 42 64 63 86 77 87 83 93 97 168 149 192 170 181 184 253 239 291 217 246 261 389 388 471 415 458 470 500 478 561 405 424 227 505 530 528 526 549 535 546 531 549 550 527 532 550 391 403 395 371 111 116 145 158 180 216 89 93 69 85 88 108 73 155 147 186 180 248 260 441 405 656 501 514 504 514 530 518 535 541 534 555 -191 -247 -375 492 -611 -648 -728 -725 -745 -722 -721 -718 -720 -711 -763 -721 -869 -897 
,d2d4 g8f6 c2c4 g7g6 b1c3 d7d5 c4d5 f6d5 e2e4 d5c3 b2c3 f8g7 g1f3 c7c5 c1e3 d8a5 f3d2 c5d4 d2c4 a5d8 c3d4 e8g8 f1e2 b8c6 d4d5 c6a5 a1c1 a5c4 e2c4 b7b5 c4e2 e7e6 e1g1 e6d5 e4d5 c8d7 d1d2 f8e8 f1d1 a7a6 e2f3 a8c8 d5d6 c8c1 d1c1 d8f6 f3b7 a6a5 d2a5 f6b2 a5d2 b2a3 g2g3 g7f8 c1d1 e8d8 e3f4 d7g4 d2d3 a3a7 b7f3 g4f3 d3f3 a7a2 f3b7 a2e6 b7b5 f8d6 f4d6,D85,1,26 25 22 25 20 31 7 12 16 30 31 31 30 35 27 27 -5 17 11 9 12 4 -41 -49 -152 50 52 42 45 42 11 90 97 100 100 159 133 152 113 191 140 161 150 178 142 143 41 85 3 191 17 344 275 350 123 216 83 75 53 209 239 276 265 313 114 175 144 479 411 
,e2e4 c7c6 g1f3 d7d5 b1c3 c8g4 h2h3 g4f3 d1f3 e7e6 g2g3 g7g6 f1g2 f8g7 e1g1 b8d7 d2d3 g8e7 f3e2 e8g8 f2f4 d8b6 g1h1 a8e8 c3d1 c6c5 d1e3 b6a6 e2f2 d5d4 e3g4 f7f5 g4h2 e6e5 e4f5 e7f5 g2d5 g8h8 f2g2 a6d6 d5b7 e5f4 c1f4 g7e5 h2g4 e5f4 g3f4 h7h5 g4f2 f5e3 g2g5 d6f4 f2e4 e3f1 g5g6 f4h2,B11,-1,35 58 30 29 28 22 12 13 16 23 17 60 35 33 36 36 27 33 33 29 1 34 38 51 8 23 -27 0 3 17 -67 -68 -79 -72 -70 -66 -96 -83 -76 -61 -86 -71 -83 -72 -198 -217 -188 -156 -186 -274 -375 -380 -589 -586 None None 
,e2e4 c7c5 g1f3 d7d6 f1b5 b8d7 e1g1 g8f6 f1e1 a7a6 b5f1 e7e5 c2c3 f8e7 d2d4 e8g8 b1d2 b7b5 a2a4 a8b8 a4b5 a6b5 b2b4 e5d4 c3d4 c5c4 e4e5 f6d5 d2e4 d6e5 d4e5 d5b4 c1a3 b4d3 f1d3 c4d3 d1d3 e7a3 a1a3 b5b4 a3b3 d8e7 e4g5 g7g6 e5e6 f7e6 e1e6 e7g7 d3d5 g8h8 d5d6 b8b6 d6d1 h7h6 e6b6 d7b6 b3b4 b6d5 b4d4 d5c3 d1d3 c3b5 d3b5 h6g5 b5g5 f8f3 g5h4 h8g8 g2f3 c8d7 h4d8 d7e8 d8e8 g7f8 d4d8 f8e8 d8e8 g8f7 e8e4 f7f6 e4g4 f6f5 h2h4 f5f6 g4g5 f6f7 f3f4 f7f6 h4h5 g6h5 g5h5 f6f7 h5g5 f7f6,B51,0,32 32 27 41 13 17 21 29 28 22 16 105 83 63 71 72 10 51 62 56 44 36 -25 46 35 32 -86 -134 -100 -108 -95 -94 -30 -16 -16 -23 -75 77 17 23 20 65 47 44 34 42 38 254 67 63 70 81 66 63 63 67 73 70 40 165 144 397 401 415 402 547 593 591 577 723 764 None None None 719 682 703 706 707 715 721 722 705 692 700 713 712 719 725 736 717 724 725 727 
,d2d4 d7d5 c2c4 c7c6 c4d5 c6d5 b1c3 b8c6 c1f4 c8f5 e2e3 e7e6 d1b3 d8b6 f1b5 g8f6 g1f3 f8e7 f3e5 a8c8 f4g5 h7h6 g5h4 e8g8 h4f6 e7f6 e5d7 b6d8 d7f8 d8f8 e1g1 c6a5 b3d1 f8d8 b5d3 f5d3 d1d3 a5c4 b2b3 c4a5 a1c1 f6e7 c3b1 a5c6 a2a3 a7a5 d3b5 d8c7 c1c2 e7d6 g2g3 c7e7 f1c1 c8c7 b5a4 h6h5 b1c3 d6a3 c3b5 a3c1 b5c7 c1e3 f2e3 e7c7 a4a1 h5h4 a1e1 h4h3 e1f1 c7b6 c2c3 b6b4 f1c1 g7g5 g3g4 f7f5 g4f5 e6f5 c1c2 g8g7 g1f2 g7f6 c3c5 c6e7 c2c3 b4b6 c5a5 b6d6 f2g1 f5f4 e3f4 d6f4 a5a2 f4g4 g1f1 e7f5 a2e2 g4f4 f1e1 g5g4 c3d2 f4d4 e2f2 d4a1 e1e2 a1e5 e2f1 f6g6 d2e2 f5e3 f1g1 e5a1 f2f1 a1f1,D10,-1,16 21 25 28 25 29 21 34 22 16 23 19 17 41 22 9 12 88 95 155 -29 -30 -23 88 139 142 154 138 159 177 166 171 170 265 278 278 284 265 281 267 270 264 246 239 216 238 239 224 206 203 215 232 199 219 170 169 39 54 -25 -10 0 0 -1 0 -33 -28 -72 -47 -93 -100 -101 -106 -135 -83 -119 -51 -26 -26 -84 -73 -126 -3 -41 -22 -24 0 -116 -103 -124 16 6 1 1 1 -10 0 0 0 0 0 -56 -35 -128 -28 -32 -39 -56 -29 -304 -381 -669 -749 -753 -781 
,d2d4 d7d5 c2c4 c7c6 b1c3 g8f6 e2e3 a7a6 g1f3 c8g4 a2a4 e7e6 d1c2 b8d7 f1e2 f8d6 h2h3 g4h5 c1d2 e8g8 e1g1 h5g6 c2c1 f6e4 c4c5 d6c7 b2b4 d7f6 c1b2 e4c3 d2c3 f6e4 b4b5 a6b5 a4b5 a8a1 f1a1 e4c3 b2c3 f7f6 b5b6 c7b8 g1h1 e6e5 a1f1 e5e4 f3d2 f6f5 g2g3 d8g5 f1g1 g6h5 e2f1 g5h6 f1g2 h5g4 h1h2 g7g5 g1h1 f5f4 h2g1 g4e2 e3f4 g5f4 g2f1 e2f1 d2f1 f4g3 f2g3 f8f3 c3e1 h6g7 h1h2 g7d4 g1h1 d4c5 h2e2 c5b6 f1d2 f3f8 d2e4 d5e4 e2e4 b6b2 e4g4 g8h8 g4b4 b2f6 b4f4 f6g7 f4g4 g7f7 h1g2 f7d5 g2h2 b8a7 e1a1 a7d4 a1d4 d5d4 g4d4 h8g7 d4d7 f8f7 d7d8 f7c7 d8b8 c6c5 b8d8 c5c4 d8d2 c4c3 d2c2 b7b5 h2g2 b5b4 g2f3 b4b3 c2e2 c3c2 e2e7 c7e7,D10,-1,26 29 25 32 31 35 31 51 45 50 5 6 -35 -32 -31 -27 -32 -33 -50 -47 -46 -45 -55 -48 -70 -61 -70 4 -15 16 18 24 23 63 58 65 66 69 67 108 57 48 3 -23 -48 -33 -49 -48 -35 -17 -80 -110 -189 -165 -231 -202 -220 -189 -301 -302 -333 -341 -383 -392 -532 -451 -422 -451 -464 -391 -398 -416 -411 -416 -416 -389 -441 -367 -462 -439 -438 -476 -528 -424 -497 -490 -515 -462 -665 -466 -566 -566 -601 -502 -507 -183 -214 -210 -215 -207 -208 -214 -304 -331 -381 -262 -533 -567 -600 -607 -619 -641 -662 -673 -677 -739 -762 -735 -786 -800 None None 
,d2d4 g8f6 g1f3 e7e6 c2c4 d7d5 b1c3 c7c6 c4d5 c6d5 c1f4 b8c6 e2e3,D43,1,24 26 18 22 21 22 19 28 8 28 13 48 45 
,e2e4 g8f6 e4e5 f6d5 g1f3 d7d6 f1c4 c7c6 e1g1 c8g4 e5d6 d8d6 h2h3 g4h5 d2d4 e7e6 b1d2 h5g6 f3e5 b8d7 e5g6 h7g6 d2e4 d6c7 f1e1 f8e7 d1f3 d7f6 e4g5 e7d6 c1d2 e8c8 a2a4 d8d7 c2c3 d6f4 d2f4 c7f4 c4d5 f6d5 f3f4 d5f4 e1e4 f4d5 g5f3 d5f6 e4e1 d7c7 a4a5 c6c5 d4c5 c7c5 a5a6 b7b6 f3e5 c5c7 a1a4 h8d8 a4c4 c7c4 e5c4 d8d7 c4e5 d7c7 e1d1 f6d5 h3h4 b6b5 g2g3 d5e7 e5f7 c7c6 d1d8 c8c7 d8e8 e7d5 f7d8 c6a6 e8e6 a6a2 e6g6 a2b2 d8e6 c7d6 e6f4 d6c5 g6g5 b2d2 f4d5 d2d5 g5g7 a7a5 g7g4 a5a4 g1f1 a4a3 g4g8 d5d1 f1e2 a3a2 e2d1 a2a1q d1e2 a1a2 e2e3 a2g8,B02,-1,16 63 63 81 65 60 8 29 8 10 5 51 54 46 62 61 33 72 57 62 60 46 42 43 23 43 35 38 50 91 59 181 55 145 78 78 76 68 25 37 41 39 36 40 36 36 41 33 29 26 23 19 16 16 14 26 24 25 25 26 24 29 28 37 -3 4 1 4 -17 238 264 371 263 273 266 269 219 238 49 93 75 298 311 358 328 502 166 208 218 232 240 228 -17 34 -273 -363 -390 -322 -321 -305 -640 -633 -669 -662 -699 -713 
,d2d4 f7f5 g2g4 d7d5 g4f5 c8f5 c2c4 e7e6 b1c3 g8f6 c4d5 e6d5 d1b3 b8c6 g1f3 a8b8 c1g5 f8b4 g5f6 d8f6 b3d5 b8d8 d5b3 d8d4 e2e3 f5e6 f3d4 e6b3 a2b3 c6d4 e3d4 f6d4 a1c1 e8g8 f1c4 g8h8 e1g1 d4g4 g1h1 g4f3 h1g1 b4d6 c3e2 d6h2 g1h2 f8f6 e2g3 f6h6 h2g1 h6h3 c1c3 f3f4 f1e1 h7h5 e1e8 h8h7 c4g8 h7h6 g8e6 h3h4 e8h8 h6g5 c3c5 g5g6 c5h5 h4h5 h8h5 f4c1 g1g2 c1b2 h5f5 b2c2 e6f7 g6h6 f5h5,A80,1,14 45 -13 -15 -45 -36 -49 -56 -51 -48 -57 -56 -105 -104 -180 -40 -45 -44 -112 -106 -196 -172 -230 -207 -405 -502 -484 -481 -472 -493 -495 -487 -589 -594 -589 -604 -656 -637 -635 -644 -651 -542 -653 -266 -272 43 25 96 73 300 332 358 346 349 333 347 371 346 384 571 405 481 319 387 211 173 172 166 150 149 146 None None None None 
,e2e4 c7c5 g1e2 d7d6 g2g3 b8c6 f1g2 c6d4 c2c3 d4e2 d1e2 g7g6 d2d4 f8g7 c1e3 c5d4 c3d4 g8f6 b1c3 e8g8 h2h3 f6d7 e1g1 d7b6 a1c1 c8d7 f2f4 a8c8 g1h2 b6c4 e3g1 b7b5 b2b3 c4b6 c3b5 c8c1 f1c1 a7a6 b5c3 a6a5 g1e3 a5a4 e4e5 a4b3 a2b3 d6e5 d4e5 d7e6 c1d1 d8b8 b3b4 f8c8 e3c5 b6d7 c3e4 d7c5 b4c5 h7h5 d1d2 b8b4 d2b2 b4d4 b2d2 d4a4 e4g5 e6f5 e5e6 f7f6 g5f7 h5h4 g3g4 a4f4 h2g1 f5b1 d2d8 c8d8 f7d8 f4d4 e2f2 d4d8 c5c6 f6f5 f2h4 f5g4 h3g4 d8d4 g1h1 d4c5 h4g3 b1a2 g3f3 a2e6 f3e4 e6f7 e4f4 f7d5 c6c7 d5g2 h1g2 g7f6 g4g5 f6g5 c7c8q c5c8 f4g5 c8c6 g2g3 c6f6 g5d2 g8g7 d2d8 f6d6 d8d6 e7d6 g3g4 g7f6 g4f4 g6g5 f4g4 d6d5 g4f3 f6f5 f3e3 g5g4 e3d4 f5f4 d4d5 g4g3 d5e6 g3g2 e6d5 g2g1q d5e6 g1e3 e6f6 e3e5 f6f7 e5d6 f7g7 d6e6 g7h7 e6g4 h7h6 f4f5 h6h7 f5f6 h7h8 g4g7,B20,-1,14 15 13 39 -11 15 17 108 68 74 78 67 79 146 87 94 93 93 -16 93 95 123 137 158 154 150 37 93 66 56 70 91 84 202 226 203 194 298 260 287 183 175 119 125 121 314 294 259 239 235 232 237 126 128 129 142 134 175 71 129 75 136 141 143 141 147 34 30 -21 22 17 18 -27 19 -238 -317 -330 -301 -358 -395 -383 -451 -702 -454 -655 -393 -758 -380 -486 -398 -511 -516 -506 -500 -584 -362 -379 -378 -378 -318 -295 -306 -297 -302 -318 -304 -309 -305 -800 -288 -815 -740 -743 -740 -762 -769 -779 -737 -763 -760 -770 -764 -764 -768 -794 -669 -645 -617 -610 -545 -545 -549 None -616 None None None None None None None None None None None None None None 
,e2e4 g7g6 d2d4 f8g7 f1c4 b7b6 g1f3 c8b7 b1c3 d7d6 e1g1 b8d7 f1e1 e7e6 c1g5 g8e7 d1d2 h7h6 g5h4 g6g5 h4g3 e7g6 h2h3 a7a6 a1d1 b6b5 c4b3 e8g8 d4d5 e6e5 c3e2 d7c5 d2e3 g6f4 g3h2 a6a5 c2c3 f7f5 e2g3 f5e4 g3e4 a5a4 e4c5 a4b3 c5b7 d8b8 b7d6 c7d6 a2b3 a8a2 h2f4 f8f4 e3e2 b5b4 c3c4 b8b6 e2c2 b6c5 e1e2 a2a7 c2g6 a7f7 d1f1 f7f6 g6c2 f4f3 g2f3 f6f3 c2e4 f3h3 e2e3 h3h4 e4g6 h4f4 g1g2 f4f6 g6e8 g8h7 f1h1 c5d4 h1h3 d4b2 h3f3 f6f4 f3f4 g5f4 e3h3 b2c2 e8e6 c2e4 g2g1 e4b1 g1g2 b1e4 g2g1 e4e1 g1g2 e1e4,B06,0,28 61 58 61 39 114 98 114 113 124 72 244 72 87 82 70 61 70 -1 22 25 18 21 22 21 32 -7 -9 -38 -44 -118 -123 -132 -79 -141 -134 -155 -135 -221 -220 -236 170 220 256 242 288 280 281 279 271 288 286 239 240 233 282 104 275 45 398 298 292 279 275 232 304 293 308 324 364 197 191 195 233 198 224 186 217 59 78 0 224 232 224 219 202 228 245 258 252 207 254 259 260 0 0 0 280 
,e2e4 e7e5 g1f3 b8c6 f1c4 f8c5 e1g1 g8f6 d2d3 e8g8 c2c3 h7h6 b2b4 c5b6 b1d2 d7d6 a2a4 a7a6 a4a5 b6a7 d1b3 c6e7 h2h3 e7g6 f1e1 c7c6 b3c2 f8e8 d2f1 d6d5 c4b3 c8e6 f1g3 a8c8 e4d5 e6d5 b3d5 c6d5 c1d2 d8d7 c2b3 e5e4 f3d4 e4d3 g3f5 f6e4 a1d1 e4d2 e1e8 d7e8 d1d2 e8e1,C50,-1,35 34 35 20 20 13 15 13 18 18 22 38 32 23 26 23 22 21 6 10 -31 -4 -29 -20 -62 -20 -124 -1 -28 -28 -34 -42 -64 -14 -71 -19 -140 -147 -149 -92 -173 -179 -201 -173 -287 -317 -436 -396 -388 -412 -600 -618 
,d2d4 e7e5 d4e5 d7d6 g1f3 b8c6 b1c3 c8g4 e2e3 d6e5 d1d8 a8d8 f1b5 f8b4 c1d2 f7f6 h2h3 g4f3 g2f3 g8e7 e1c1 e8g8 h1g1 g8h8 a2a3 b4a5 b5d3 d8d7 c3e4 a5d2 d1d2 f8d8 e4c5 d7d5 b2b4 b7b6 c5b3 c6b8 g1d1 g7g6 c2c4 d5d7 c4c5 h8g7 c1c2 f6f5 a3a4 g7f6 d3c4 d7d2 d1d2 d8d2 c2d2 g6g5 b4b5 e7g6 a4a5 g6h4 c4e2 b8d7 d2c3 b6a5 c5c6 d7b6 b3a5 f6e6 a5b7 e6d5 c3b4 e5e4 f3e4 d5e4 b7c5 e4d5 c5a6 d5d6 a6c5 f5f4 c5e4,A40,1,17 119 123 158 147 158 43 177 11 9 8 0 3 18 16 20 19 81 76 73 57 94 74 88 104 191 140 184 74 77 95 290 284 310 263 266 63 52 45 36 29 24 21 18 10 12 -50 13 7 0 -55 -41 -38 -23 -59 144 -32 14 0 0 0 20 12 18 13 19 35 125 179 137 147 181 145 147 64 72 38 133 143 
,c2c4 c7c5 g1f3 b8c6 b1c3 g7g6 e2e3 f8g7 d2d4 c5d4 e3d4 d7d6 h2h3 g8f6 c1e3 e8g8 f1e2 e7e5 d4d5 c6e7 e1g1 e7f5 e3g5 h7h6 g5d2 d8b6 a2a3 e5e4 f3e1 b6b2 a1b1 b2a3 c3b5 a3c5 g2g4 f5g3 d2e3,A30,1,-5 17 21 24 23 30 25 69 57 62 87 93 78 101 25 107 23 62 61 66 -30 -28 -31 -31 -56 43 -90 -106 -86 -43 -93 -97 -127 -122 -235 219 234 
,d2d4 d7d6 g1f3 g8f6 c1f4 g7g6 e2e3 f8g7 h2h3 b7b6 f4h2 e8g8 f1e2 c8b7 e1g1 b8d7 c2c3 f8e8 b1d2 c7c5 a2a4 a7a6 d1b3 b7d5 e2c4 d5c4 d2c4 d6d5 c4e5 e7e6 f1d1 c5c4 b3c2 d7e5 f3e5 f6d7 e5f3 h7h6 e3e4 d7f6 e4e5 f6h7 h3h4 g7f8 h2f4 g8g7 c2d2 h6h5 g2g3 f8e7 g1g2 e8g8 d1h1 d8b8 f4h6 g7h8 f3g5 h7g5 h6g5 b8d8 f2f4 e7g5 h4g5 g8g7 g3g4 g7h7 g4h5 g6h5 d2e2 h5h4 e2g4 b6b5 h1h4 h7h4 g4h4 h8g8 a1h1 g8f8 h4h8 f8e7 h8f6 e7d7 f6f7 d8e7 h1h7 e7f7 h7f7 d7c6 a4b5 a6b5 g5g6 a8g8 g6g7 b5b4 g2g3 c6b5 f4f5 e6f5 g3f4 b5a4 e5e6 a4b3 e6e7,A46,1,21 52 55 41 38 44 13 18 8 33 8 -3 -3 -3 -3 1 3 16 9 32 30 29 12 47 -5 -2 -12 -11 -11 -3 -1 -4 -2 6 7 22 12 35 25 82 61 86 60 93 140 168 162 163 120 171 165 202 167 230 245 227 210 279 223 812 66 64 61 205 181 182 214 201 192 209 217 608 668 705 884 884 898 913 904 908 920 920 919 931 541 530 506 520 485 527 556 552 576 644 636 614 668 689 704 707 517 521 509 
,g2g3 g8f6 f1g2 d7d5 d2d3 c8f5 g1f3 h7h6 e1g1 e7e6 b1d2 f8c5 c2c4 c7c6 a2a3 a7a5 d1c2 d8b6 e2e3 a5a4 f1e1 e8g8 a1b1 f5h7 c2c3 b8d7 d3d4 c5e7 c4c5 b6a7 b1a1 b7b6 c5b6 a7b6 f3e5 d7e5 d4e5 f6d7 f2f4 d7c5 c3d4 f8b8 g2f1 b6a5 d4c3 a5a7 h2h3 e7d8 d2f3 d8a5 c3d4 c5b3 d4a7 a8a7 a1b1,A00,-1,14 20 19 19 -20 41 11 55 21 45 6 31 4 36 12 14 -27 47 -66 15 -14 -24 -49 -22 -73 -78 -168 -162 -215 -172 -256 -266 -246 -229 -330 -322 -326 -326 -353 -356 -361 -346 -367 -370 -376 -400 -392 -423 -643 -647 -647 -613 -613 -644 -798 
,d2d4 g8f6 g1f3 e7e6 c2c4 d7d5 g2g3 f8e7 f1g2 e8g8 e1g1 c7c6 d1c2 b7b6 b1d2 c8b7 e2e4 b8a6 a2a3 c6c5 e4d5 e6d5 f1d1 d5c4 d2c4 d8e8 d1e1 e8d8 d4c5 a6c5 c1g5 a8c8 a1d1 d8c7 g5f4 c7c6 e1e7 c5e6 b2b3 e6f4 g3f4 b7a8 c2f5 c8d8 d1e1 g7g6 f5g5 f6d5 f3e5 c6c5 e7d7 d8e8 e5g4 e8e1 g2f1 c5c6 d7d5 c6d5 g4f6 g8g7 f6d5,E06,1,22 23 24 28 21 20 30 38 37 39 39 38 38 40 14 30 28 32 27 28 16 17 9 70 72 137 151 153 56 33 11 256 288 408 417 433 430 495 354 440 465 513 391 476 383 428 398 413 392 502 416 437 -340 -308 -338 115 -341 454 476 492 478 
,d2d4 d7d5 c2c4 c7c6 g1f3 g8f6 b1c3 a7a6 d1c2 g7g6 e2e4 d5e4 c3e4 f6e4 c2e4 f8g7 f1e2 e8g8 e1g1 b8d7 c1g5 d7f6 e4h4 f8e8 a1d1 f6g4 f1e1 h7h6 g5c1 g6g5 h4g3 g4f6 f3e5 c8f5 h2h4 f6e4 g3f3 e7e6 h4g5 h6g5 e2d3 d8d4 e5f7 d4f2 f3f2 e4f2 g1f2 g8f7 d3f5 e6f5 d1d7 f7g6 d7b7 g7d4 f2f1 f5f4 b7c7 c6c5 c7c6 g6f5 c6d6 f5g4 e1d1 e8h8 f1e2 h8h2 e2f1 a8e8 d6d4 c5d4 c4c5 d4d3 d1d3 h2h1 f1f2 h1c1 d3c3 c1c3 b2c3 e8c8,D15,-1,21 19 30 28 27 21 21 37 11 35 32 31 34 34 29 25 29 49 45 46 37 65 60 81 24 148 95 143 67 239 48 224 251 235 220 424 456 441 162 458 254 267 0 1 4 0 2 9 -9 -3 -15 -19 -137 -136 -130 -123 -153 -135 -229 -242 -318 -188 -392 -401 -400 -397 -423 -426 -442 -460 None -522 -631 -651 -676 -664 -677 -685 -696 -730 
,g1f3 g8f6 g2g3 d7d5 f1g2 e7e6 e1g1 c7c5 c2c4 f8e7 c4d5 f6d5 b2b3 b7b6 c1b2 e8g8 d2d4 c8b7 f1e1 c5d4 f3d4 b8d7 b1c3 d7f6 a1c1 d5c3 b2c3 b7g2 g1g2 d8d5 g2g1 a8c8 c3b2 h7h5 d4f3 f8d8 d1d5 f6d5 c1c8 d8c8 e1c1 c8c1 b2c1 d5c3 g1f1 c3a2 c1d2 a2b4 d2b4 e7b4 e2e4 f7f6 f1e2 g8f7 e2d3 b4c5 d3e2 a7a5 f3d2 b6b5 f2f3 a5a4 b3a4 b5a4 e2d3 g7g5 h2h3 f6f5 e4f5 e6f5 g3g4 f5g4 f3g4 h5g4 h3g4 c5e7 d2b1 a4a3 b1c3 f7e6 d3e4 e7f6 c3a2 e6d6 e4f5 f6d8 f5e4 d6c5 e4d3 d8f6 a2c1 f6b2 c1a2 c5d5 a2b4 d5e5 d3e3 b2c1 e3e2 e5e4 e2f2 c1b2 f2g3 e4e3 b4a2 e3d3 g3f3 d3c4 f3e4 c4b3 e4f5 b3a2 f5g6,A05,-1,26 23 11 14 12 28 17 13 9 33 28 42 9 10 2 19 15 21 18 32 22 35 -5 64 -4 -12 17 0 0 -8 -114 -41 -45 17 -19 8 8 11 -25 -22 -136 -133 -146 -138 -187 -179 -176 -166 -250 -242 -252 -49 -250 -233 -303 -290 -300 -291 -280 -287 -324 -301 -306 -276 -285 -268 -281 -135 -304 -282 -404 -350 -421 -13 -2 0 -351 -444 -461 -473 -505 -539 -551 -461 -481 -495 -502 -528 -548 -547 -551 -551 -556 -560 -568 -576 -582 -584 -584 -584 -585 -609 -639 -631 -656 -653 -747 -682 -687 -722 -723 -727 -779 
,e2e4 d7d5 e4d5 g8f6 d2d4 f6d5 c2c4 d5f6 b1c3 e7e5 d4d5 f8c5 h2h3 c7c6 d5c6 d8b6 d1c2 b8c6 g1f3 e8g8 c1g5 c6b4 c2e2 e5e4 f3e5 b4d3 e5d3 e4d3 e2d2 f8e8 e1d1 c8f5 c3a4 b6c6 a4c5 c6c5 g5f6 g7f6 a1c1 e8e5 g2g4 f5e4,B01,-1,32 61 58 71 63 67 56 60 29 39 -9 28 -32 -35 -136 -128 -250 -263 -348 -203 -366 -460 -453 -384 -482 -327 -395 -425 -391 -443 -461 -412 -460 -488 -470 -500 -518 -501 -511 -354 -541 -507 
,d2d4 g8f6 c2c4 e7e6 g1f3 f8b4 b1d2 e8g8 e2e3 d7d5 a2a3 b4e7 f1d3 b8d7 b2b4 a7a5 b4b5 b7b6 e1g1 c8b7 c1b2 c7c6 b5c6 b7c6 d1e2 d8c7 f1c1 c7b7 a1b1 f8c8 f3e1 d5c4 d2c4 c6e4 b2a1 e4d3 e1d3 b6b5 d3e5 d7e5 c4e5 c8c1 b1c1 e7a3 c1b1 a8b8 e2a2 b5b4 e5c4 b7c8 c4a5 f6d5 a5c4 b8a8 e3e4 d5f4 c4b6 c8b7 b6a8 b7a8 f2f3 h7h5 a2d2 e6e5 d4e5 a8a7 g1h1 f4e6 a1b2 a7a6 b2a3 b4a3 b1a1 e6c5 d2b4 c5d3 b4a3 d3f2 h1g1 a6b6 g1f1 h5h4 a3a2 f2d3 a2e2 d3e5 a1d1 e5g6 h2h3 b6f6 e2f2 g6f4 f1g1 g8h7 g1h2 f6g5 d1b1 f4g6 b1b8 g5e5 h2h1 e5b8,E11,-1,25 23 21 21 19 32 30 29 21 19 11 8 5 12 7 2 1 58 26 42 17 34 41 39 4 67 41 56 4 64 -23 -19 -26 -22 -121 -59 -123 -86 -232 -152 -279 -295 -297 -273 -272 -256 -260 -185 -199 -114 -104 -45 -17 73 47 45 38 21 20 280 270 276 271 298 265 300 305 335 300 306 295 297 316 332 338 330 378 429 439 450 484 499 347 347 300 285 242 324 337 359 292 302 275 286 248 283 214 297 -433 -467 -457 -449 
,e2e4 g7g6 d2d4 f8g7 c2c4 b8c6 d4d5 c6d4 c1e3 c7c5 b1c3 d7d6 g1e2 e7e5 d5e6 d4e6 d1d2 g8f6 e1c1 f6g4 d2d6 d8d6 d1d6 g4e3 f2e3 g7h6 d6d3 b7b6 g2g3 e8g8 e2f4 e6g5 f1g2 c8a6 b2b3 a8d8 e4e5 d8d3 f4d3 g5e6 c1d2 f8d8 d2e2 e6c7 c3d5 c7d5 g2d5 a6c8 h1f1 c8e6 e3e4 e6h3 f1f6 h6g5 f6c6 d8d7 d3f4 h3g4 e2d3 d7e7 h2h4 g5h6 e5e6 f7e6 f4e6 g4e6 d5e6 g8g7 e4e5 h6c1 d3e4 c1b2 e4d5 g7h6 c6c8 e7b7 d5d6 b2d4 e6d5 b7g7 c8f8 g6g5 f8f6 g7g6 f6g6 h6g6 e5e6 d4f6 d5e4 g6g7 h4g5 f6g5 e6e7 g5e7 d6e7 h7h5 e4f3 g7h6 e7d6 h6g5 d6c6,B06,1,23 61 60 65 38 58 47 38 -14 -2 -20 55 69 116 127 118 131 129 39 35 34 32 31 38 33 71 77 79 60 71 60 139 133 202 209 211 174 171 164 176 181 204 160 183 103 105 99 122 84 337 88 149 128 189 144 276 229 268 156 335 252 269 254 264 265 272 263 272 274 303 299 339 336 352 379 414 463 577 570 520 538 582 520 571 588 557 628 635 594 658 680 678 698 697 698 698 631 707 650 664 661 
,d2d4 c7c5 d4d5 g8f6 c2c4 b7b5 c4b5 a7a6 e2e3 g7g6 b1c3 f8g7 a2a4 e8g8 e3e4 d7d6 g1f3 b8d7 c1g5 h7h6 g5e3 f6g4 e3f4 g4f6 f1e2 g8h7 e1g1 a6b5 a4b5 c8b7 d1c2 d8c7 h2h3 a8a1 f1a1 f8a8 a1a8 b7a8 f3d2 d7b6 c3a4 f6d7 a4b6 d7b6 b2b3 c7a7 g1h2 a8b7 g2g3 a7a1 f4e3 b6d7 d2c4 d7e5 f2f4 e5d7 e2f3 g7d4 e3d4 c5d4 b3b4 h6h5 c4a5 a1c3 c2c3 d4c3 f3d1 b7c8 h2g2 d7f6 d1c2 e7e6 b5b6 e6d5 b6b7 c8b7 a5b7 d5e4 b7d6,A57,1,20 70 90 92 90 62 54 52 50 76 80 71 63 67 66 86 95 127 112 116 109 106 65 127 113 184 175 156 159 189 190 186 198 203 204 237 247 242 246 270 260 272 290 311 179 206 167 170 135 148 166 176 159 188 123 166 129 134 87 93 10 156 166 169 168 168 173 169 107 263 262 351 304 327 295 326 336 350 357 
,b2b3 d7d5 c1b2 g8f6 g1f3 c8g4 g2g3 g4f3 e2f3 b8d7 f3f4 g7g6 f1g2 f8g7 d1f3 e8g8 f4f5 c7c6 e1g1 d8c7 f1e1 a8e8 d2d3 e7e5 f5e6 f7e6 f3e2 e6e5 b1d2 a7a5 c2c4 d5d4 b2a3 f8f7 e1f1 b7b5 a1e1 b5b4 a3c1 d7c5 d2e4 f6e4 g2e4 e8f8 f2f3 a5a4 e2d1 a4b3 a2b3 c7d6 c1d2 c5e4 f3e4 c6c5 f1f7 f8f7 e1f1 f7f1 g1f1 d6f8 f1g2 g7h6 d1c1 h6d2 c1d2 g8g7 d2g5 f8f6 g5f6 g7f6 h2h3 f6g5 g2f2 h7h5 f2g2 h5h4 g2f3 h4g3 f3g3 g5h5 h3h4 g6g5 h4g5 h5g5 g3f3 g5h4 f3f2 h4h3 f2f3 h3h2 f3f2 h2h1 f2f1 h1h2 f1f2 h2h3 f2f3 h3h4 f3f2 h4g4 f2g2 g4f4 g2f2 f4g4 f2g2 g4h4 g2h2 h4g4 h2g2,A01,0,-14 11 4 11 3 10 -8 25 26 41 44 43 43 210 16 17 -41 -31 -23 1 -1 6 -26 5 -1 5 -9 4 8 63 82 77 45 61 34 153 9 -2 -10 39 32 27 28 48 20 21 -12 -4 -12 5 2 7 1 3 -8 0 -7 1 0 2 0 3 0 5 3 0 0 0 0 0 0 0 0 0 0 0 0 0 0 0 0 0 0 0 0 0 0 0 0 15 0 0 0 0 0 0 0 0 0 0 0 0 0 0 0 0 0 0 0 
,e2e4 c7c5 g1f3 d7d6 d2d4 c5d4 f3d4 g7g6 b1c3 f8g7 c1e3 b8c6 f1c4 g8f6 h2h3 e8g8 c4b3 c6d4 e3d4 c8e6 e1g1 a7a5 a2a4 e6b3 c2b3 a8c8 f1e1 f8e8 d1d3 f6d7 d4g7 g8g7 c3d5 g7g8 f2f4 d7c5 d3g3 e7e6 d5c3 d8b6 g1h1 b6b3 f4f5 e6f5 e4f5 b3b2 c3d5 c5e4 g3h4 b2e5 a1d1 e4g3 h1g1 e5e1 d1e1 e8e1 g1f2 g3f5 h4g5 e1e5 d5f6 g8g7 f6h5 g7f8 h5f6 c8c2 f2g1 f5e3 f6d7 f8g8 g5d8 g8g7 d8f8,B35,1,31 29 38 45 49 45 47 70 70 59 61 69 53 54 13 24 7 24 30 60 21 33 25 34 32 27 18 29 22 21 20 17 3 25 -60 36 -87 -69 -78 -89 -138 -132 -166 -88 -94 -74 -289 -297 -300 277 -149 0 0 0 0 0 -164 -174 -403 -304 -371 -367 -377 -426 -585 -585 -584 -281 -373 None None None None 
,d2d4 d7d5 c2c4 c7c6 g1f3 g8f6 b1c3 d5c4 a2a4 c8f5 f3e5 b8a6 f2f3 f6d7 e5c4 e7e5 e2e4 e5d4 d1d4 a6b4 c4e3 f5e6 f1c4 f8c5 d4g7 d8f6 g7f6 d7f6 c4e6 c5e3 c1e3 b4c2 e1f2 c2a1 e6f7 e8f7 h1a1 a7a5 e3b6 f6d7 b6d4 h8c8 f2e3 c6c5,D17,-1,24 23 24 36 33 33 32 32 29 25 44 55 -2 -12 -48 -48 -71 -78 -117 -153 -203 -230 -211 -114 -119 176 174 176 188 257 251 323 247 230 208 214 206 230 155 169 152 199 -354 -354 
,e2e4 e7e5 g1f3 b8c6 f1b5 g8f6 d2d3 c6e7 e1g1 c7c6 b5a4 e7g6 d3d4 f6e4 f1e1 d7d5 c2c4 c8d7 c4d5 c6d5 a4d7 d8d7 d4e5 f8c5 c1e3 c5e3 e1e3 a8d8 e3d3 e8g8 b1c3 d7g4 h2h3 g4f5 d3d5 e4c3 b2c3 d8d5 d1d5 g6f4 f3d4 f5h3 d5b7 h3c3 d4b3 c3e5 b7a7 f4e2 g1f1 f8e8 a7a4 h7h6 a1b1 e8e6 a4a8 g8h7 a8f3 e5h2 g2g3 h2h3 f3g2 h3f5 b1e1 f5d3 b3c5 e2g3 f1g1 e6e1 g1h2 e1h1 g2h1 d3d4 f2g3 d4f2 h1g2 f2c5 g3g4 c5a5 g2g3 a5a2 g3g2 a2g2 h2g2 h7g6 g2g3 g6g5 g3f3 f7f5 g4f5 g5f5 f3g3 f5g5 g3h3 g7g6 h3g3 h6h5 g3g2 h5h4 g2h2 g5g4 h2g2 g6g5 g2h1 g4f4 h1g1 g5g4 g1h1 h4h3 h1g1 f4f3 g1h1 g4g3 h1g1 h3h2 g1f1 h2h1q,C65,-1,34 31 37 34 28 29 21 43 14 17 16 31 17 25 -16 -25 -23 113 106 113 11 21 2 16 19 28 32 45 -404 -16 -17 105 111 108 54 49 45 63 61 47 -16 -16 1 2 -136 -124 -492 -83 -84 -113 -215 -143 -520 -297 -347 -347 -348 -315 None -600 -581 -312 -636 -676 -1001 -1119 -1119 -1257 -1251 -21 -8 -3 -14 -3 -1 0 -5 0 -318 -341 -581 -602 -602 -601 -618 -648 -727 -811 -824 -800 -852 -796 -852 -811 -804 -805 -856 -774 -838 -844 -815 -781 -1122 -746 -1210 -758 -1245 -744 -738 -738 -747 -733 -735 -596 None None 
,d2d4 e7e6 f2f4 f7f5 g1f3 g8f6 e2e3 b7b6 c2c3 c8b7 f1e2 g7g6 e1g1 f8g7 b1d2 e8g8 d1b3 g8h8 f3g5 d8e7 e2f3 b7f3 d2f3 d7d6 c1d2 f8e8 a1e1 h7h6 f3h4 h8g8 h4g6 e7d7 g5f3 f6e4 g6h4 g7f6 h4f5 g8h7 f5g3 e4g3 h2g3 e8g8 f1f2 g8g3 e3e4 b8c6 e4e5 d6e5 f4e5 f6e7 b3c2 h7h8 c2e4 a8g8 d2h6 d7e8 e1e2 e8h5 h6g5 e7g5 f3g5 h5g5 e4c6 g5e7 c6e4 e7g5 f2f4 h8g7 e2f2 g5g6 e4g6 g7g6 f4f6 g6h5 f6e6 g8g7 e6e8 g3d3 e8h8 h5g6 h8h3 d3d1 f2f1 d1d2 f1f6 g6g5 h3g3 g5h4 g3g7 d2b2 f6h6,A40,1,23 27 -21 23 13 4 8 8 -10 -24 -25 8 -27 11 -23 -20 -47 -22 -45 -36 -59 -30 -43 120 40 44 55 312 293 282 284 266 114 117 120 401 378 393 401 409 379 467 295 339 310 301 305 328 292 312 281 322 299 329 272 368 274 299 3 0 0 0 0 382 201 205 243 425 432 422 420 432 420 447 453 491 452 504 483 503 502 502 457 943 1235 1193 1121 None None None None 
,e2e4 d7d6 d2d4 g8f6 g1f3 f6e4 f1d3 e4f6 c2c4 g7g6 c1g5 f8g7 d1d2 c7c5 d4c5 d6c5 b1c3 e8g8 e1c1 b8c6 h1e1 c8g4 d2f4 g4f3 f4f3 d8a5 c1b1 c6d4 f3e3 e7e6 h2h3 a7a6 e3f4 f6h5 f4d2 b7b5 c3e2 a5b6 e2d4 g7d4 g2g4 h5g7 b2b3 e6e5 d3e4 b5c4 e4a8 c4b3 a8e4 b3a2 b1a2 b6e6 a2a3 c5c4 d2b4 a6a5 b4a5 f8b8 d1b1 e6d6 a3a2 b8c8 e4b7 c8d8 g5d8,B00,1,27 42 58 51 -76 -61 -65 -67 -69 -70 -77 -84 -128 -99 -147 -135 -137 -138 -145 -173 -180 -155 -142 -119 -176 -179 -179 -124 -138 -100 -113 -113 -121 -102 -142 -143 -174 -172 -155 -157 -202 -119 -152 -128 -266 -285 -287 -238 -358 -348 -343 -130 -81 174 139 172 98 192 138 228 262 261 272 727 426 
,e2e4 c7c5 g1f3 d7d6 f1b5 b8d7 d2d4 c5d4 d1d4 a7a6 b5d7 c8d7 e1g1 e7e5 d4d3 d7c6 c2c4 h7h6 b1c3 g8f6 a2a4 f8e7 a4a5 e8g8 c1e3 f8e8 e3b6 d8d7 f1e1 e7f8 h2h3 d7e6 f3d2 f6d7 c3d5 c6d5 c4d5 e6g6 d2c4 a8c8 e1e3 d7c5 b6c5 c8c5 b2b4 c5b5 e3g3 g6f6 a1b1 e8c8 c4a3 b5a5,B51,1,28 31 39 52 29 27 17 18 23 22 22 19 25 25 28 75 77 74 73 81 68 73 50 46 51 110 60 50 13 100 20 98 86 139 152 187 182 191 114 112 104 130 102 86 75 280 314 312 343 323 114 533 
,d2d4 g8f6 g1f3 d7d5 c2c4 c8g4 f3e5 g4e6 c4d5 e6d5 b1c3 c7c6 c1g5 b8d7 c3d5 f6d5 e5f3 h7h6 g5h4 g7g5 h4g3 e7e6 e2e4 d8a5 f3d2 d5f6 f1d3 f8b4 a2a3 b4d2 d1d2 a5d2 e1d2 e8e7 f2f3 h8d8 d2e3 d8e8 h2h4 f6h5 g3f2 e8h8 h4g5 h6g5 g2g3 a8g8 h1h3 g5g4 f3g4 g8g4 a1h1 d7f6 e4e5 f6d5 e3d2 g4g5 d3e2 h5g3 f2g3 g5g3 h3h8 d5f4 h8h2,D02,1,21 22 18 14 18 100 104 95 122 117 85 148 108 123 27 59 19 77 -66 -36 -44 28 14 8 -4 66 -48 45 55 58 56 57 60 53 42 97 59 157 152 195 134 147 81 77 90 115 39 99 88 384 372 372 353 424 414 414 404 441 413 437 475 472 452 
,c2c4 e7e6 g1f3 d7d5 e2e3 c7c5 d2d4 b8c6 b1c3 g8f6 c4d5 e6d5 f1b5 f8d6 d4c5 d6c5 e1g1 e8g8 b2b3 a7a6 b5c6 b7c6 c1b2 c5d6 a1c1 f8e8 c3a4 c8d7 a4c5 d7g4 h2h3 g4h5 d1d4 h5f3 g2f3 d6e5 d4d2 e5b2 d2b2 d8d6 f1d1 e8e5 f3f4 e5h5 g1g2 a8e8 d1d5 d6d5,E10,-1,8 24 20 20 18 12 12 26 14 11 15 18 8 25 33 30 33 34 32 33 34 34 32 25 20 27 32 28 29 53 48 51 5 13 22 24 25 32 21 24 19 20 -10 -5 -11 -23 -678 -684 
,e2e4 c7c6 d2d4 a7a6 g1f3 d7d5 e4e5 c8g4 h2h3 g4f3 d1f3 e7e6 f1d3 c6c5 c2c3 b8c6 c1e3 d8b6 e1g1 b6b2 b1d2 b2c3 d3e2 c5d4 f1c1 c3a3 d2c4 d5c4 c1c4 g8e7 a1c1 d4e3 c4c6 e3f2 f3f2 e7c6 c1c6 b7c6 f2b6,B12,-1,36 50 33 71 58 59 36 45 16 16 18 18 -2 -2 -81 -66 -113 -110 -206 -226 -211 -206 -292 -308 -313 -288 -395 -413 -422 -389 -616 -572 -669 -756 -811 -789 -817 -835 -1033 
,e2e4 c7c5 g1f3 g7g6 d2d4 c5d4 f3d4 f8g7 b1c3 b8c6 c1e3 g8f6 f1c4 d7d6 h2h3 e8g8 c4b3 a7a5 a2a4 c6d4 e3d4 c8e6 b3e6 f7e6 e1g1 f6d7 d4g7 g8g7 d1d4 g7g8 d4c4 f8f6 g1h1 a8c8 c4e2 d8b6 a1b1 d7e5 c3b5 c8f8 h1g1 g6g5 c2c3 g5g4 h3g4 f6f4 b5d4 e5g4 f2f3 e6e5 f3g4 e5d4 f1f4 f8f4 e2c4 g8g7 c3d4 f4e4 b1d1 b6b2 c4d5 e4g4 d1f1 b2d4 d5d4 g4d4 f1b1 d4b4,B35,-1,29 19 30 45 38 48 37 50 43 46 46 51 29 50 9 16 7 26 14 18 12 18 13 4 -1 17 8 2 -1 -1 -7 -2 -7 -6 -31 -15 -46 -19 -42 -34 -117 -30 -32 -5 -1 38 0 315 35 41 -19 -19 -93 -87 -145 -108 -160 -197 -193 -174 -196 -201 -525 -513 -508 -484 -488 -490 
,d2d4 c7c5 d4d5 e7e6 c2c4 g8f6 b1c3 e6d5 c4d5 f8d6 g1f3 e8g8 e2e3 a7a6 a2a4 d6c7 f3d2 d7d6 f1e2 c7a5 e2f3 c8f5 d2c4 f8e8 e1g1 a5c3 b2c3 d8c7 f1e1 b8d7 a4a5 a8b8 h2h3 f5e4 f3e4 f6e4 d1d3 h7h6 f2f3 e4f6 e3e4 d7e5 c4e5 e8e5 c1f4 e5e8 c3c4 f6d7 d3c3 b7b5 a5b6 b8b6 a1b1 f7f6 f4g3 e8b8 b1b6 c7b6 c3e3 d7e5 e3e2 b6b3 e1c1 b8b4 g3e5 f6e5 g1h2 a6a5 f3f4 e5f4 e2g4 b3g3 g4g3 f4g3 h2g3 a5a4 g3f4 a4a3 e4e5 a3a2 c1a1 b4c4 f4f5 d6e5 f5e5 c4c2 d5d6 g8f7 e5d5 c2d2 d5c6 f7e6 a1e1,A60,1,15 63 80 105 105 108 108 121 121 148 149 137 80 111 101 119 65 56 52 87 4 8 -35 47 53 43 45 46 32 28 33 49 47 72 66 72 104 174 192 177 177 189 148 174 131 154 157 127 97 99 98 89 59 62 58 61 61 64 -20 -13 -24 -20 -125 -35 -20 -15 -17 -13 -8 0 0 0 0 0 0 0 0 7 0 0 0 120 0 269 0 0 -146 -236 -236 0 0 146 127 
,d2d4 g8f6 c2c4 e7e6 b1c3 f8b4 d1c2 e8g8 e2e4 d7d6 e4e5 d6e5 d4e5 f6d7 g1f3 b8c6 c1f4 d8e7 a2a3 b4c3 c2c3 a7a5 f1d3 d7c5 d3c2 a5a4 h2h4 f7f5 e1g1 b7b6 a1d1 c8b7 d1d2 c5e4 c2e4 f5e4 f4g5 e7c5 f3d4 c6e5 d4e6 c5a5 c3a5 a8a5 e6f8 g8f8 d2d8 f8f7 g5f4 e5c4 d8d7 f7e6 d7c7 b7d5 c7g7 a5b5 g7h7 b5b2 h4h5 e4e3 h5h6 d5e4 h7c7 c4d2 f4e3 d2f1 g1f1 b2b5 e3d4 b5h5 d4g7 h5h1 f1e2 e4g2 c7c4 g2f1,E32,-1,14 19 19 18 19 20 12 28 25 32 11 46 11 71 80 76 74 91 61 59 60 134 144 280 139 208 85 95 -49 -42 -58 -6 -146 -148 -165 -151 -149 -6 -5 380 369 395 402 388 383 380 356 387 391 416 414 399 406 399 424 424 395 434 455 452 394 413 380 450 335 338 344 418 362 396 153 130 138 144 -440 -470 
,c2c4 g8f6 g2g3 g7g6 f1g2 d7d6 b1c3 f8g7 e2e4 e8g8 g1e2 c7c5 e1g1 e7e5 d2d3 b8c6 h2h3 c6d4 f2f4 f6d7 c1e3 a7a6 f4f5 b7b5 d1d2 a8b8 b2b3 b5c4 d3c4 c8b7 e3h6 g6f5 e4f5 b7g2 g1g2 d8f6 h6g7 f6g7 f5f6 d7f6 f1f6 g7f6 a1f1 f6g7 c3d5 f7f5 e2d4 c5d4 d2a5 f5f4 g3g4 f4f3 g2g3 e5e4 a5d2 g7e5 g3h4 e4e3 d2e1 e3e2 f1f2 b8e8 d5b4 e8e6 e1c1 f8f6 c1g5 e5g5 h4g5 e2e1q f2f3 e1e5 f3f5 f6f5 g4f5 e6f6 g5h4 e5f5 h4g3 f5f4 g3g2 f4f3 g2h2,A15,1,13 22 16 27 28 45 39 37 -12 6 9 16 -12 23 19 20 14 33 -11 120 29 45 47 39 25 67 46 97 122 119 19 57 46 100 96 472 93 105 -101 -82 -305 -302 -394 -335 -457 -453 -454 -435 -432 -448 -446 -442 -494 -542 -691 -707 -675 -726 -769 -806 -798 -817 None None None -993 -1126 None None None None None None None None None None None None None None None None 
,g1f3 c7c5 c2c3 d7d6 d2d4 c5d4 c3d4 g8f6 c1f4 g7g6 h2h3 f8g7 e2e3 e8g8 b1c3 a7a6 a1c1 b7b5 d1b3 c8b7 f1e2 b8c6 e1g1 a8c8 f1d1 f6d7 a2a3 d7b6 f4g3 c6a5 b3a2 e7e6 b2b3 b6d5 a2b2 d8e7 f3d2 h7h6 c3e4 c8c1 d1c1 f8d8 e2f3 f7f5 e4c3 d8c8 c3d5 c8c1 b2c1 e6d5 c1c3 e7d8 g3d6 a5b3 d6c7 d8e7 c3b3 e7c7 f3d5 g8h7 d5b7 c7b7 a3a4 b7c6 a4b5 a6b5 d2f3 c6c4 b3c4 b5c4 g1f1 g6g5 f1e2 g5g4 h3g4 f5g4 f3h4 h6h5 e2d2 g4g3 f2g3 g7f6 d2c3 h7h6 c3c4 h6g5 c4d3 f6d8 d3e4 d8a5 h4f5 a5e1 d4d5 g5f6 d5d6 e1a5 d6d7 f6e6 f5d4 e6d7 e4f5 a5d8 f5g6 h5h4 g3h4 d8h4 g2g4 h4e1 g6f5 d7e7 g4g5 e7f7 g5g6 f7g7 d4e6 g7g8 e6g5 e1c3 g5e4 c3g7 e4f6 g8f8 f6g4 f8g8 f5e6 g8f8 e6f5 f8g8,A04,-1,22 30 -2 54 55 55 55 56 50 55 49 45 -13 -3 7 23 3 5 -55 -14 -13 -7 -9 0 0 72 26 18 0 0 -11 15 15 23 -3 12 9 89 32 32 32 33 31 44 51 187 176 178 192 185 159 183 105 371 387 417 121 112 105 142 141 157 95 129 109 113 87 284 289 266 299 317 311 403 334 329 233 246 206 418 432 447 442 470 477 487 438 475 382 442 467 582 426 430 418 510 419 472 402 401 394 461 399 447 450 452 426 436 474 499 499 507 478 520 521 554 554 555 553 568 644 570 569 567 566 565 562 564 
,g1f3 d7d5 c2c4 c7c6 e2e3 g8f6 d2d4 a7a6 b1c3 c8f5 d1b3 a8a7 f3e5 e7e6 f1e2 f8d6 e1g1 e8g8 f2f4 b7b5 c4b5 a6b5 c1d2 f6d7 a1d1 d7b6 g2g4 f5g6 f4f5 e6f5 g4f5 d6e5 f5g6 e5d6 g6f7 a7f7 f1f7 f8f7 d2e1 d8g5 g1h1 g5e3 b3c2 e3h3 e2d3 f7f1,D11,-1,17 15 -2 29 37 35 23 35 35 36 21 51 16 20 18 100 15 16 23 74 -36 -38 -38 -31 -209 49 -2 -2 -13 -2 2 151 -75 -64 -406 -425 -429 -487 -551 -598 -631 -317 -670 -662 None None 
,b1c3 d7d5 e2e4 d5d4 c3e2 c7c5 e2g3 b8c6 f1c4 g7g6 f2f4 e7e5 d2d3 f8d6 g1e2 a7a6 e1g1 c8e6 c4e6 f7e6 f4f5 d8e7 c2c4 e8c8 c1d2 d8f8 a2a3 g8f6 h2h3 e6f5 e4f5 e5e4 d2h6 f8f7 h6g5 e4e3 g3e4 d6e5 f5g6 h7g6 e2f4 h8g8 f4d5 e7e6 g5f6 e5b8 d1g4 e6g4 h3g4 b8e5 f6e5 f7f1 a1f1 c6e5 g4g5 e5d3 f1f7 e3e2 e4d6 c8d8 d6b7 d8e8 f7e7 e8f8 e7e2 g8g7 b7d6 g7d7 e2e8 f8g7 d6e4 d3b2 e4c5 d7f7 c5e6 g7h7 d5f6 f7f6,A00,1,-5 -13 -35 -31 -39 -23 -23 -12 -13 35 -14 29 28 56 -51 38 24 75 66 76 50 61 -74 -88 -96 -11 -103 -63 -143 -43 -32 -36 -103 -27 -49 29 81 155 137 142 -151 364 350 418 403 546 358 392 339 523 553 560 403 467 341 347 21 24 13 1 1 514 537 508 522 519 528 528 479 490 489 685 491 768 None None None None 
,d2d4 g8f6 c2c4 g7g6 b1c3 f8g7 e2e4 d7d6 g1f3 e8g8 f1e2 e7e5 c1e3 b8c6 d4d5 c6e7 f3d2 f6e8 b2b4 f7f5 f2f3 f5e4 d2e4 e7f5 e3f2 f5d4 e1g1 c8f5 e2d3 e8f6 e4g5 f5d3 d1d3 d8d7 f2d4 e5d4 c3e2 f6h5 g5e6 f8e8 e2d4 c7c5 b4c5 d6c5 e6c5 d7c7 c5e6 c7d6 d4b5 d6b6 c4c5 b6a5 e6g7 h5g7 b5d6 a5c5 g1h1 c5d6 a1b1 a8d8 b1b7 d6d5 d3c3 a7a5 c3g7,E92,1,24 26 23 36 37 52 55 57 42 48 39 41 53 102 99 104 99 99 80 79 81 115 54 58 19 40 43 46 43 51 -23 -12 -23 155 176 160 171 225 230 256 178 259 238 236 111 353 354 377 393 434 459 440 363 410 -409 -397 -416 -389 -425 -291 -299 -201 -725 None None 
,f2f3 d7d6 e1f2 b8d7 f2g3 e7e5 g3f2 e5e4 f2e1 e4e3 d2e3 f7f5 e3e4 f5e4 e2e3 g8f6 b1c3 d6d5 g1e2 c7c6 e2g3 f8c5 f3e4 e8g8 f1d3 f6e4 c3e4 d5e4 d3c4 g8h8 c1d2 d7e5 c4b3 c8g4 d1c1 d8f6 h1f1 f6h4 d2c3 h4h2 c3e5 h2g2 c1d2 g2h3 e5g7 h8g7 d2c3 g7g6 c3c5 h3g3 e1d2 g3g2 d2c3 f8f1 c5e7 a8f8 e7b7 f1a1 b7c6 f8f6 c6e8 g6g5 e8g8 g5h4 g8h7 h4g3 h7c7 g3f2 c7e5 f6f3 c3b4 f3e3 e5f4 g4f3 c2c3 g2g7 f4h2 f3g2 h2h4 e3g3 h4f4 g2f3 f4d2 f3e2 d2f4 f2g2 f4e4 e2f3 e4c2 g2h3 b3e6 f3g4 e6g4 g3g4 c3c4 g7b7 b4a4 b7a6 a4b4 a6c4 c2c4 g4c4 b4c4 a1a2 b2b4 a7a5 c4b3 a2a1 b3b2 a1a4 b2b3 a4b4 b3a3 h3g3,A00,-1,-70 25 -85 -69 -204 -205 -206 -73 -137 79 -2 -21 -60 -58 -135 -138 -127 -45 -188 -123 -236 -181 -195 -198 -248 -84 -149 -197 -195 -183 -306 -371 -601 -634 -636 -498 -651 -708 -861 -438 -442 133 180 360 -313 -300 -393 -449 -676 -741 -733 -480 -491 -498 -572 -493 -709 -646 -669 -710 -767 -642 -721 -722 -730 -710 -737 -742 -770 -756 -778 -781 -783 -782 -800 -800 -765 -773 -810 -764 -793 -785 -821 -831 -840 -710 -763 -780 -775 -642 -652 -699 -808 -803 -1362 None None None None -521 -516 -516 -525 -531 -544 -496 -496 -496 -501 -490 -614 -681 -652 None 
,d2d4 d7d6 g1f3 c8g4 g2g3 g4f3 e2f3 d6d5 c2c4 c7c6 b1c3 e7e6 d1b3 d8b6 c4c5 b6b3 a2b3 b8d7 b3b4 g7g6 f3f4 f8g7 c1e3 g8e7 b4b5 e7f5 b5c6 b7c6 c3e2 e8e7 g3g4 f5h4 e1d2 h8b8 d2c2 a7a5 e2c3 h4f3 a1d1 h7h5 h2h3 a5a4 f1e2 f3h4 g4h5 g6h5 e2h5 a4a3 b2b3 h4f5 h5g4 a3a2 g4f5 e6f5 d1a1 d7c5 d4c5 d5d4 e3d2 d4c3 d2c3 g7c3 c2c3 a8a3 c3c2 b8b3 a1a2 b3h3 h1h3 a3a2 c2b3 a2f2 h3h4 e7e6 b3c4 f2c2 c4d4 c2d2 d4c4 d2e2 h4h6 f7f6 h6h7 e2e4 c4b3 e4f4 h7c7 e6d5 c7f7 d5c5 f7f6 c5d5 f6f8 f4f3 b3c2 c6c5 f8d8 d5c4 d8h8 f3f2 c2d1 f5f4 h8d8 c4c3 d1e1 f2c2 d8f8 c5c4 f8f4 c2c1 e1e2 c3b3 f4f8 c4c3 f8b8 b3c2 b8b7 c1h1 b7b8 h1h2 e2e1 c2c1 b8b7 c3c2 b7b8 h2h1 e1e2 h1d1 b8b7 d1d6 b7b8 d6e6 e2f2 c1d1 b8d8 d1c1 d8b8 e6d6 f2e2 d6e6 e2f2,A41,0,26 52 46 90 55 55 54 47 35 27 25 30 26 33 -5 -7 -12 21 19 12 10 2 14 23 -20 59 -7 30 50 57 -3 -2 -129 -71 -143 21 -196 -22 -331 -186 -332 -21 11 0 -163 -147 -177 10 -159 52 -2 95 106 107 103 240 268 244 -11 -18 -11 -11 -13 -13 -9 -20 -17 -21 -49 -16 -14 -10 -204 -355 -322 -243 -360 -221 -353 -350 -373 -385 -410 -406 -416 -427 -427 -422 -436 -439 -441 -438 -432 -433 -448 -448 -447 -452 -455 -459 -459 -454 -474 -486 -490 -437 -474 -478 -483 -484 -482 -474 -484 -480 -483 -482 -480 -497 -504 -503 -505 -508 -496 -495 -500 -483 -479 -478 -479 -476 -474 -475 -488 -477 -496 -469 -516 -470 -469 0 -494 
,e2e4 c7c6 d2d4 d7d5 b1c3 d5e4 c3e4 g8f6 e4g3 g7g6 g1f3 f8g7 h2h3 e8g8 f1c4 c6c5 c2c3 c5d4 d1d4 b8c6 d4d8 f8d8 c1e3 c6a5 c4e2 b7b6 e1g1 c8b7 f1d1 a5c6 d1d8 a8d8 a1d1 f6d5 e3g5 h7h6 g5c1 e7e5 e2c4 d5f4 d1d8 c6d8 f3e1 g8f8 g1f1 f7f5 g3e2 f4e2 f1e2 f8e7 f2f4 e5e4 g2g4 d8e6 g4f5 g6f5 e1g2 g7f6 c1e3 e7d6 a2a4 b7d5 c4d5 d6d5 a4a5 e6c5 a5b6 a7b6 e3c5 b6c5 g2e3 d5e6 e3c4 f6h4 b2b4 c5b4 c3b4 h4d8 b4b5 d8c7 e2e3 e6d5 b5b6 c7b8 c4e5 d5d6 e5f7 d6c6 f7h6 c6b6 h6f5 b6c5 e3e4 c5c6 h3h4 c6d7 h4h5 d7e6 f5d4 e6f7 e4f5 f7g7 d4e6 g7h6 f5g4 b8d6 f4f5 d6e7 e6f4 e7f6 f4d5 f6e5 f5f6 e5a1 g4f5 h6h5 d5f4 h5h6 f6f7 a1g7 f4e6 h6h7 f5g5 g7h6 g5f6 h7h8 f6g6 h6f8 e6f8,B15,0,24 42 30 29 11 16 15 35 8 18 14 13 -5 8 1 8 -12 -18 -24 43 -33 -33 -60 -40 -39 -38 -38 -43 -67 -26 -22 -18 -28 -28 -32 -17 -18 -16 -13 -1 4 6 -14 -17 -17 -16 -29 -28 -37 -30 -32 -3 -43 -18 -15 -16 -17 -16 -30 -17 -15 -8 -9 -13 -99 -2 0 0 -7 -1 0 0 0 0 -30 -27 -20 0 -41 -34 -49 -30 -30 12 5 19 17 259 305 364 436 477 519 538 546 588 621 687 192 348 573 557 40 36 39 31 26 27 26 22 20 20 22 3 2 1 1 1 0 0 0 0 0 0 0 0 0 0 0 
,g1f3 g8f6 d2d4 d7d5 c2c4 c7c6 e2e3 c8f5 d1b3 d8c7 b1c3 e7e6 f1e2 b8d7 e1g1 f8e7 c1d2 e8g8 f1c1 f8c8 d2e1 h7h6 f3d2 a7a6 f2f3 d5c4 e2c4 b7b5 c4e2 c6c5 e1g3 c7a7 g3f2 c5d4 e3d4 a7b8 a2a4 b5a4 b3b8 c8b8 c3a4 f6d5 a4c5 d7c5 d4c5 b8b2,D12,-1,15 20 26 17 26 33 23 22 -3 17 11 12 -31 -6 -21 -23 -24 -25 -21 -14 -17 -17 -17 -6 -36 -33 -32 -23 -57 -59 -89 -77 -90 -54 -75 -10 -22 -11 -6 -4 -2 -4 -345 -333 -368 -355 
,d2d4 g8f6 c1g5 g7g6 g5f6 e7f6 g2g3 f6f5 f1g2 f8g7 e2e3 d7d6 h2h4 b8d7 h4h5 e8g8 h5g6 h7g6 g1e2 c7c6 e2f4 d8b6 b1d2 d7f6 e1f1 c8e6 b2b3 e6d5 f4d5 c6d5 c2c4 a8c8 f1g1 f8e8 c4d5 f6g4 g2f3 g4f6 d2c4 b6c7 a2a4 b7b6 g1g2 c7e7 a1c1 f6e4 d1g1 e4g5 c4d2 e7d7 g1f1 c8c1 f1c1 e8c8 d2c4 d7e7 c1b1 g7f6 b1d3 g8g7 h1e1 g5h7 d3d1 h7g5 g2g1 c8h8 f3g2 g5e4 d1c2 e4g5 c4d2 h8d8 d2f3 d8d7 f3g5 f6g5 e1c1 g5f6 c2c6 e7d8 c6c8 f5f4 c1c6 d8c8 c6c8 f4e3 f2e3 f6g5 g1f2 d7e7 e3e4 g5f6 f2e3 f6g5 e3d3 g5f6 c8c6 e7d7 g2h3 d7d8 c6c8 a7a6 c8d8 f6d8 e4e5 d8c7 d3c4 d6e5 d4e5 c7e5 d5d6 e5d6 c4d5 d6g3 d5c6 b6b5 c6b6 b5a4 b3a4 a6a5 b6a5 g3f2 a5b5 f7f5 a4a5 g7f6 h3g2 g6g5 g2f3 g5g4 f3g2 f6g5 g2f1 f5f4 f1g2 f4f3 g2f1 g5f4 f1h3 g4g3 h3g2 f2a7,A45,-1,26 24 0 9 -1 9 -21 29 -3 23 16 29 13 10 -25 -21 -22 -20 -20 1 -25 -6 -92 -38 -105 -13 -16 55 58 85 68 101 26 115 88 62 -224 114 119 113 115 138 136 141 150 248 94 93 0 60 50 52 52 44 -88 66 55 63 61 102 33 150 65 108 14 122 120 135 148 176 137 176 8 144 81 133 144 147 138 137 138 271 -71 74 71 60 54 45 39 119 108 114 144 169 201 305 294 324 320 311 19 307 76 103 51 85 17 13 13 12 -13 -13 -233 -312 -354 -70 -171 -198 -215 -77 -53 -27 -27 -26 -27 -19 -12 -10 -307 -463 -561 -567 -587 -577 -623 -598 -605 -631 -845 -670 -916 -718 
,e2e4 c7c6 g2g3 d7d5 f1g2 d5e4 g2e4 g8f6 e4g2 e7e5 d1e2 f8d6 g1f3 e8g8 e1g1 f8e8 f3h4 b8a6 d2d3 a6c7 c1g5 c7e6 g5f6 d8f6 b1d2 e6f4 e2e4 f4g2 h4g2 f6e7 f2f4 f7f5 e4f3 e5e4 d3e4 f5e4 f3e2 e7f6 g2e3 f6b2 d2c4 b2b4 c4d6 b4d6 e2c4 c8e6 c4e4 e6a2 e3f5 d6c5 e4d4 c5d4 f5d4 a2c4 f1b1 c6c5 d4f3 e8e2 f3e5 c4d5 c2c4 d5e4 b1e1 e2e1 a1e1 e4c2 e1e2 c2g6 g1f2 g6e8 f2f3 a7a6 f3e4 a8d8 e2a2 d8d6 a2a5 b7b5 c4b5 a6b5 a5a8 g8f8 e5d3 c5c4 d3b4 f8f7 e4e5 d6d2 a8a7 f7g6 f4f5 g6h6 g3g4 d2b2 b4d5 b2e2 e5f4 g7g5 f4g3 e2d2 d5f6 d2d3 g3f2 e8g6 f6g8,B10,1,28 42 -13 -3 -8 -11 -15 -13 -25 -23 -22 -25 -31 -31 -106 -25 -138 -48 -82 -50 -53 -40 -22 -40 -70 -72 -95 -96 -96 -89 -155 -170 -220 -206 -228 -231 -210 -113 -126 -68 -68 -29 -30 -36 -63 -45 -277 -245 -215 -228 -209 -158 -194 -124 -135 -146 -168 -134 -167 -134 -120 -103 -106 -101 -88 -94 -95 -15 -93 -88 -124 -58 -88 -50 -51 -57 -58 -62 -58 -69 -49 -61 -102 -130 -117 -118 -127 -136 -137 -33 -31 -25 -25 0 0 4 30 389 328 429 414 471 540 None None 
,g1f3 c7c6 c2c4 g8f6 d2d4 d7d5 e2e3 c8g4 d1b3 d8b6 f3e5 g4f5 b1c3 b8d7 e5d7 f5d7 c4d5 b6b3 a2b3 c6d5 c3b5 d7b5 f1b5 e8d8 c1d2 b7b6 e1e2 e7e6 h1c1 a7a5 b3b4 f6e4 d2e1 e4d6 b5c6 a8b8 b4a5 b6a5 e1a5 d8e7 a5c3 e7f6 f2f3 f8e7 e3e4 d5e4 f3e4 d6c4 c1c2 h8c8 d4d5 f6g6 a1a7 e7c5 a7a4 e6d5 c6d5 c4b6 a4a6 f7f6 d5e6 c8e8 e6f5 g6f7 a6a7 e8e7 a7e7 c5e7 c2d2 b6c4 d2c2 e7d6 h2h3 c4e5 c3e5 d6e5 e2d3 b8b3 d3c4 b3b2 c2b2 e5b2 c4d5 g7g6 f5e6 f7e7 e6c8 b2a3 g2g4 a3d6 c8a6 d6h2 a6d3 g6g5 d3c4 h7h6 c4d3 e7d7 d3e2 h2e5 e2c4 d7c7 c4b5 c7b6 d5c4 b6a5 b5e8 a5b6 e8d7 b6c7 d7e8 c7d6 e8h5 d6e6 h5g6 e6e7 g6f5 e7d6 c4b5 e5d4 f5g6 d6e5 g6f5 e5f4 b5c6 f4g3 c6d5 d4e5 d5e6 g3h3 e6f7 h3h4 f7g6 h6h5 g4h5 g5g4 f5g4 h4g4 h5h6 f6f5 e4f5 g4h4 f5f6 h4g4 f6f7 e5d6 h6h7 d6e5 h7h8q e5h8 f7f8q h8d4 f8f5 g4g3 f5g5 g3f3 g5d5 f3e3 d5e6 e3d3 e6h3 d4e3 h3g4 d3d2 g4f3 d2d3 f3e3,D11,1,22 39 36 36 27 24 27 22 16 17 14 28 21 37 42 52 24 22 20 35 36 33 34 40 47 178 176 267 264 255 257 244 264 284 283 290 287 298 297 302 155 203 162 249 257 263 269 424 292 357 285 300 268 266 287 361 180 228 210 197 229 233 257 261 124 119 131 147 22 49 26 26 38 30 -9 -4 -14 -6 -5 -3 -4 -3 -2 -1 -1 -1 -1 1 0 0 0 0 0 0 0 0 0 0 0 0 0 0 0 -5 0 0 0 -1 -7 -8 -8 -11 -3 0 0 0 -1 -1 0 0 0 1 0 -1 0 0 0 0 0 0 0 0 0 395 472 484 490 500 511 559 562 557 572 691 643 713 648 1036 539 565 582 None None 790 604 584 574 573 567 566 543 566 541 544 552 582 0 
,e2e4 c7c5 g1f3 g7g6 d2d4 f8g7 b1c3 c5d4 f3d4 g8f6 c1e3 e8g8 f1c4 b8c6 c4b3 e7e6 e1g1 d7d5 e4d5 f6d5 c3d5 e6d5 c2c3 a7a5 a2a4 f8e8 d4b5 c8e6 d1f3 c6e5 f3g3 e5c4 e3d4 g7d4 b5d4 c4b2 a1b1 b2c4 b3c4 d5c4 b1b7 a8b8 b7a7 e6d7 h2h4 d7a4 h4h5 d8f6 a7a5 a4b3 h5g6 h7g6 a5a7 b8a8 f1a1 a8a7 a1a7 g8g7 f2f3 f6e5 g3e5 e8e5 a7b7 e5e1 g1f2 e1b1 g2g4 b3c2 b7b1 c2b1 f2e3 g7f6 d4e2 f6e5 f3f4 e5d5 e2d4 b1d3 d4f3 d3c2 g4g5 c2f5 f3e5 f5e6 e3f3 d5d6 f3e4 d6c5 e5f3 e6d5 e4e3 d5f3 e3f3 c5d5 f3e3 d5e6 e3d4 f7f6 d4c4 f6g5 f4g5 e6f5 c4d5 f5g5 c3c4 g5f4 c4c5 g6g5 c5c6 g5g4 c6c7 g4g3 c7c8q f4f3 c8h3 f3f2 h3h4 f2f3 h4f6 f3e2 f6b2 e2f3 b2c3 f3f2 c3c2 f2f3 c2d1 f3f2 d1d2 f2f3 d2d3 f3f2 d3d4 f2f3 d4d3 f3f2 d5e4 g3g2 d3f3 f2g1 e4e3 g1h2 f3h5 h2g3 h5g5 g3h2 g5h4 h2g1 e3f3 g1f1 h4f2,B27,1,25 28 29 37 36 71 48 50 52 107 27 53 12 31 50 65 35 60 61 62 59 66 62 83 46 106 111 112 92 123 108 312 -151 19 13 64 45 53 56 57 38 161 39 70 32 174 28 150 144 283 120 109 58 30 0 0 0 28 9 46 33 42 11 13 10 32 14 20 8 9 7 2 1 0 1 0 0 1 0 6 0 7 9 0 0 0 0 0 2 3 1 0 0 0 0 0 0 403 400 463 510 435 538 539 539 540 542 579 590 608 602 605 642 775 649 None None None None None None None None None None None None None None None None None None None None None None None None None None None None None None None None None None None None 
,e2e4 c7c5 g1f3 g7g6 c2c3 f8g7 d2d4 c5d4 c3d4 d7d5 e4e5 c8g4 f1e2 b8c6 e1g1 e7e6 b1c3 g8e7 c1e3 e8g8 d1d2 d8b6 c3a4 b6b4 a4c3 e7f5 a2a3 b4b3 e2d1 b3b6 c3a4 b6b5 a4c3 b5a5 b2b4 c6b4 c3d5 e6d5 d2b4 a5b4 a3b4 f5e3 f2e3 g7h6 f1e1 a7a6 d1b3 g4e6 a1c1 f8c8 c1c5 b7b6 c5c8 a8c8 g1f2 c8c3 b3d1 a6a5 b4a5 b6a5 h2h3 a5a4 d1a4 c3a3 a4d1 a3a2 e1e2 a2a1 d1c2 e6d7 c2b3 d7e6 g2g4 a1a3 b3c2 e6d7 g4g5 h6f8 h3h4 d7b5 e2d2 f8b4 d2d1 a3a2 d1c1 b4a3 c1b1 a2c2 f2g3 c2b2 b1a1 b2b3 g3f4 b5d3 f3d2 b3c3 d2b1 d3b1 a1b1 a3c1 b1b8 g8g7 f4f3 c3e3 f3f2 e3d3 b8c8 c1e3 f2e2 d3a3 c8c7 e3d4 e5e6 g7g8 e6f7 g8f8 c7d7 d4e5 d7d5 e5g3 d5d7 g3h4 d7b7 h4g5 b7b5 a3e3 e2f2 f8f7 b5g5 e3e5 g5e5 f7f6 e5e1 h7h5 e1h1 g6g5 f2g3 f6g6 h1g1 h5h4 g3g4 g6f6 g1f1 f6e5 f1f5 e5d4 f5g5 d4d3 g5h5 d3e2 h5h4 e2e3 h4h3 e3d4 g4g3 d4e5 h3h5 e5d4 g3g4 d4e4 h5f5 e4e3 f5f4 e3d3 g4g3 d3e3,B27,0,26 26 29 36 29 68 66 59 72 70 62 75 11 45 -24 46 0 19 -19 12 -19 7 -60 -54 -51 -50 -66 -26 -63 -41 -39 -37 -34 -15 -42 -17 -26 -26 -13 -15 -9 10 19 24 -5 16 19 17 -33 -28 -129 -148 -137 -150 -202 -164 -169 -66 -114 -89 -148 41 58 58 65 87 85 84 37 129 137 134 88 129 45 57 36 44 -46 -49 -146 -116 -262 -280 -322 -330 -313 -324 -328 -330 -329 -341 -351 -264 -276 -277 -308 -267 -285 -223 -366 -403 -466 -399 -421 -378 -452 -363 -425 -432 -554 -563 -571 -399 -430 -424 -411 -336 -336 -30 -408 -439 -524 -495 -517 -480 -487 -380 -378 493 527 533 531 533 536 588 529 531 498 557 539 523 506 511 499 506 505 524 505 523 517 507 499 493 484 494 489 528 481 475 477 471 471 500 464 480 
,d2d4 g8f6 g1f3 e7e6 c2c4 d7d5 b1c3 c7c6 c1g5 b8d7 e2e3 h7h6 g5h4 f8e7 a1c1 e8g8 a2a3 b7b6 c4d5 c6d5 f1d3 a7a6 e1g1 c8b7 d3b1 f6e4 h4e7 d8e7 c3e4 d5e4 f3d2 d7f6 d1b3 b6b5 a3a4 b7d5 b3c3 b5a4 c3a5 f8b8 c1c2 e7b4 a5c7 b8b7 c7e5 a4a3 b2a3 b4a3 c2a2 d5a2 d2e4 a2b1 e4f6 g7f6 e5f6 a3f8 f6f3 a8b8 e3e4 f7f5 d4d5 b1e4,D52,-1,17 19 22 21 25 22 21 38 29 35 30 36 29 23 19 18 15 30 30 26 23 38 34 45 26 55 55 51 57 55 -12 0 2 26 -34 -31 -99 -93 -159 -156 -186 -181 -258 -214 -237 -125 -135 -139 -484 -558 -656 -701 -701 -696 -692 -674 -699 -676 -686 -682 -787 -737 
,e2e4 c7c5 g1f3 b8c6 d2d4 c5d4 f3d4 g8f6 b1c3 e7e6 d4c6 b7c6 e4e5 f6d5 c3e4 c8b7 c2c4 d5b4 a2a3 d8a5 a3b4 a5a1 c4c5 a7a5 b4b5 c6b5 f1b5 e8c8 e4d6 f8d6 c5d6 a1b1 b5d3 b1a2 d1c2 b7c6 d3c4 a2a4 b2b3 a4b4 c1d2 b4c5 c2c3 c8b7 e1g1 c5b4 c3e3 b4b6 e3f4 f7f6 f1a1 f6e5 f4e5 h8f8 d2e3 b6b4 a1a5 d8a8 a5a8 b4e1 c4f1 f8a8 e5d4 a8a6 e3d2 e1a1 d2c3 a1b1 d4b4 a6b6 b4c4 c6b5 c4c7 b7a8 c7d8 a8a7 d8c7 b6b7 c3d4 a7a6,B40,-1,24 18 11 37 0 9 7 28 25 50 53 58 47 67 47 53 43 54 35 32 -139 -144 -155 -115 -203 -163 -176 302 86 55 49 146 406 348 378 378 159 130 134 125 123 None 131 236 182 221 93 124 50 107 28 47 40 31 28 38 -42 -35 -35 53 118 145 144 149 -137 0 0 0 -277 -282 -284 0 0 0 0 0 0 635 -579 -596 
